REGION,TECHNOLOGY,EMISSION,MODE_OF_OPERATION,YEAR,VALUE
REGION1,SEBFHPFH1,SEPM25,1,2015,0.0217
REGION1,SEBFHPFH1,SEPM25,1,2016,0.0217
REGION1,SEBFHPFH1,SEPM25,1,2017,0.0217
REGION1,SEBFHPFH1,SEPM25,1,2018,0.0217
REGION1,SEBFHPFH1,SEPM25,1,2019,0.0217
REGION1,SEBFHPFH1,SEPM25,1,2020,0.0217
REGION1,SEBFHPFH1,SEPM25,1,2021,0.0217
REGION1,SEBFHPFH1,SEPM25,1,2022,0.0217
REGION1,SEBFHPFH1,SEPM25,1,2023,0.0217
REGION1,SEBFHPFH1,SEPM25,1,2024,0.0217
REGION1,SEBFHPFH1,SEPM25,1,2025,0.0217
REGION1,SEBFHPFH1,SEPM25,1,2026,0.0217
REGION1,SEBFHPFH1,SEPM25,1,2027,0.0217
REGION1,SEBFHPFH1,SEPM25,1,2028,0.0217
REGION1,SEBFHPFH1,SEPM25,1,2029,0.0217
REGION1,SEBFHPFH1,SEPM25,1,2030,0.0217
REGION1,SEBFHPFH1,SEPM25,1,2031,0.0217
REGION1,SEBFHPFH1,SEPM25,1,2032,0.0217
REGION1,SEBFHPFH1,SEPM25,1,2033,0.0217
REGION1,SEBFHPFH1,SEPM25,1,2034,0.0217
REGION1,SEBFHPFH1,SEPM25,1,2035,0.0217
REGION1,SEBFHPFH1,SEPM25,1,2036,0.0217
REGION1,SEBFHPFH1,SEPM25,1,2037,0.0217
REGION1,SEBFHPFH1,SEPM25,1,2038,0.0217
REGION1,SEBFHPFH1,SEPM25,1,2039,0.0217
REGION1,SEBFHPFH1,SEPM25,1,2040,0.0217
REGION1,SEBFHPFH1,SEPM25,1,2041,0.0217
REGION1,SEBFHPFH1,SEPM25,1,2042,0.0217
REGION1,SEBFHPFH1,SEPM25,1,2043,0.0217
REGION1,SEBFHPFH1,SEPM25,1,2044,0.0217
REGION1,SEBFHPFH1,SEPM25,1,2045,0.0217
REGION1,SEBFHPFH1,SEPM25,1,2046,0.0217
REGION1,SEBFHPFH1,SEPM25,1,2047,0.0217
REGION1,SEBFHPFH1,SEPM25,1,2048,0.0217
REGION1,SEBFHPFH1,SEPM25,1,2049,0.0217
REGION1,SEBFHPFH1,SEPM25,1,2050,0.0217
REGION1,SEBFHPFH1,SEPM25,1,2051,0.0217
REGION1,SEBFHPFH1,SEPM25,1,2052,0.0217
REGION1,SEBFHPFH1,SEPM25,1,2053,0.0217
REGION1,SEBFHPFH1,SEPM25,1,2054,0.0217
REGION1,SEBFHPFH1,SEPM25,1,2055,0.0217
REGION1,SEBFHPFH1,SEPM25,1,2056,0.0217
REGION1,SEBFHPFH1,SEPM25,1,2057,0.0217
REGION1,SEBFHPFH1,SEPM25,1,2058,0.0217
REGION1,SEBFHPFH1,SEPM25,1,2059,0.0217
REGION1,SEBFHPFH1,SEPM25,1,2060,0.0217
REGION1,SEBMCCPH1,SEPM25,1,2015,0.0002
REGION1,SEBMCCPH1,SEPM25,1,2016,0.0002
REGION1,SEBMCCPH1,SEPM25,1,2017,0.0002
REGION1,SEBMCCPH1,SEPM25,1,2018,0.0002
REGION1,SEBMCCPH1,SEPM25,1,2019,0.0002
REGION1,SEBMCCPH1,SEPM25,1,2020,0.0002
REGION1,SEBMCCPH1,SEPM25,1,2021,0.0002
REGION1,SEBMCCPH1,SEPM25,1,2022,0.0002
REGION1,SEBMCCPH1,SEPM25,1,2023,0.0002
REGION1,SEBMCCPH1,SEPM25,1,2024,0.0002
REGION1,SEBMCCPH1,SEPM25,1,2025,0.0002
REGION1,SEBMCCPH1,SEPM25,1,2026,0.0002
REGION1,SEBMCCPH1,SEPM25,1,2027,0.0002
REGION1,SEBMCCPH1,SEPM25,1,2028,0.0002
REGION1,SEBMCCPH1,SEPM25,1,2029,0.0002
REGION1,SEBMCCPH1,SEPM25,1,2030,0.0002
REGION1,SEBMCCPH1,SEPM25,1,2031,0.0002
REGION1,SEBMCCPH1,SEPM25,1,2032,0.0002
REGION1,SEBMCCPH1,SEPM25,1,2033,0.0002
REGION1,SEBMCCPH1,SEPM25,1,2034,0.0002
REGION1,SEBMCCPH1,SEPM25,1,2035,0.0002
REGION1,SEBMCCPH1,SEPM25,1,2036,0.0002
REGION1,SEBMCCPH1,SEPM25,1,2037,0.0002
REGION1,SEBMCCPH1,SEPM25,1,2038,0.0002
REGION1,SEBMCCPH1,SEPM25,1,2039,0.0002
REGION1,SEBMCCPH1,SEPM25,1,2040,0.0002
REGION1,SEBMCCPH1,SEPM25,1,2041,0.0002
REGION1,SEBMCCPH1,SEPM25,1,2042,0.0002
REGION1,SEBMCCPH1,SEPM25,1,2043,0.0002
REGION1,SEBMCCPH1,SEPM25,1,2044,0.0002
REGION1,SEBMCCPH1,SEPM25,1,2045,0.0002
REGION1,SEBMCCPH1,SEPM25,1,2046,0.0002
REGION1,SEBMCCPH1,SEPM25,1,2047,0.0002
REGION1,SEBMCCPH1,SEPM25,1,2048,0.0002
REGION1,SEBMCCPH1,SEPM25,1,2049,0.0002
REGION1,SEBMCCPH1,SEPM25,1,2050,0.0002
REGION1,SEBMCCPH1,SEPM25,1,2051,0.0002
REGION1,SEBMCCPH1,SEPM25,1,2052,0.0002
REGION1,SEBMCCPH1,SEPM25,1,2053,0.0002
REGION1,SEBMCCPH1,SEPM25,1,2054,0.0002
REGION1,SEBMCCPH1,SEPM25,1,2055,0.0002
REGION1,SEBMCCPH1,SEPM25,1,2056,0.0002
REGION1,SEBMCCPH1,SEPM25,1,2057,0.0002
REGION1,SEBMCCPH1,SEPM25,1,2058,0.0002
REGION1,SEBMCCPH1,SEPM25,1,2059,0.0002
REGION1,SEBMCCPH1,SEPM25,1,2060,0.0002
REGION1,SEBMCHPH3,SEPM25,1,2015,0.133
REGION1,SEBMCHPH3,SEPM25,1,2016,0.133
REGION1,SEBMCHPH3,SEPM25,1,2017,0.133
REGION1,SEBMCHPH3,SEPM25,1,2018,0.133
REGION1,SEBMCHPH3,SEPM25,1,2019,0.133
REGION1,SEBMCHPH3,SEPM25,1,2020,0.133
REGION1,SEBMCHPH3,SEPM25,1,2021,0.133
REGION1,SEBMCHPH3,SEPM25,1,2022,0.133
REGION1,SEBMCHPH3,SEPM25,1,2023,0.133
REGION1,SEBMCHPH3,SEPM25,1,2024,0.133
REGION1,SEBMCHPH3,SEPM25,1,2025,0.133
REGION1,SEBMCHPH3,SEPM25,1,2026,0.133
REGION1,SEBMCHPH3,SEPM25,1,2027,0.133
REGION1,SEBMCHPH3,SEPM25,1,2028,0.133
REGION1,SEBMCHPH3,SEPM25,1,2029,0.133
REGION1,SEBMCHPH3,SEPM25,1,2030,0.133
REGION1,SEBMCHPH3,SEPM25,1,2031,0.133
REGION1,SEBMCHPH3,SEPM25,1,2032,0.133
REGION1,SEBMCHPH3,SEPM25,1,2033,0.133
REGION1,SEBMCHPH3,SEPM25,1,2034,0.133
REGION1,SEBMCHPH3,SEPM25,1,2035,0.133
REGION1,SEBMCHPH3,SEPM25,1,2036,0.133
REGION1,SEBMCHPH3,SEPM25,1,2037,0.133
REGION1,SEBMCHPH3,SEPM25,1,2038,0.133
REGION1,SEBMCHPH3,SEPM25,1,2039,0.133
REGION1,SEBMCHPH3,SEPM25,1,2040,0.133
REGION1,SEBMCHPH3,SEPM25,1,2041,0.133
REGION1,SEBMCHPH3,SEPM25,1,2042,0.133
REGION1,SEBMCHPH3,SEPM25,1,2043,0.133
REGION1,SEBMCHPH3,SEPM25,1,2044,0.133
REGION1,SEBMCHPH3,SEPM25,1,2045,0.133
REGION1,SEBMCHPH3,SEPM25,1,2046,0.133
REGION1,SEBMCHPH3,SEPM25,1,2047,0.133
REGION1,SEBMCHPH3,SEPM25,1,2048,0.133
REGION1,SEBMCHPH3,SEPM25,1,2049,0.133
REGION1,SEBMCHPH3,SEPM25,1,2050,0.133
REGION1,SEBMCHPH3,SEPM25,1,2051,0.133
REGION1,SEBMCHPH3,SEPM25,1,2052,0.133
REGION1,SEBMCHPH3,SEPM25,1,2053,0.133
REGION1,SEBMCHPH3,SEPM25,1,2054,0.133
REGION1,SEBMCHPH3,SEPM25,1,2055,0.133
REGION1,SEBMCHPH3,SEPM25,1,2056,0.133
REGION1,SEBMCHPH3,SEPM25,1,2057,0.133
REGION1,SEBMCHPH3,SEPM25,1,2058,0.133
REGION1,SEBMCHPH3,SEPM25,1,2059,0.133
REGION1,SEBMCHPH3,SEPM25,1,2060,0.133
REGION1,SEBMCSPN2,CO2,1,2015,-278.4781206
REGION1,SEBMCSPN2,CO2,1,2016,-274.0810976
REGION1,SEBMCSPN2,CO2,1,2017,-269.6840746
REGION1,SEBMCSPN2,CO2,1,2018,-265.2870517
REGION1,SEBMCSPN2,CO2,1,2019,-260.8900287
REGION1,SEBMCSPN2,CO2,1,2020,-256.4930058
REGION1,SEBMCSPN2,CO2,1,2021,-251.9666586
REGION1,SEBMCSPN2,CO2,1,2022,-247.4403115
REGION1,SEBMCSPN2,CO2,1,2023,-242.9139643
REGION1,SEBMCSPN2,CO2,1,2024,-238.3876171
REGION1,SEBMCSPN2,CO2,1,2025,-233.86127
REGION1,SEBMCSPN2,CO2,1,2026,-229.3349228
REGION1,SEBMCSPN2,CO2,1,2027,-224.8085757
REGION1,SEBMCSPN2,CO2,1,2028,-220.2822285
REGION1,SEBMCSPN2,CO2,1,2029,-215.7558813
REGION1,SEBMCSPN2,CO2,1,2030,-211.2295342
REGION1,SEBMCSPN2,CO2,1,2031,-210.6260212
REGION1,SEBMCSPN2,CO2,1,2032,-210.0225083
REGION1,SEBMCSPN2,CO2,1,2033,-209.4189953
REGION1,SEBMCSPN2,CO2,1,2034,-208.8154823
REGION1,SEBMCSPN2,CO2,1,2035,-208.2119694
REGION1,SEBMCSPN2,CO2,1,2036,-207.6084564
REGION1,SEBMCSPN2,CO2,1,2037,-207.0049435
REGION1,SEBMCSPN2,CO2,1,2038,-206.4014305
REGION1,SEBMCSPN2,CO2,1,2039,-205.7979176
REGION1,SEBMCSPN2,CO2,1,2040,-205.1944046
REGION1,SEBMCSPN2,CO2,1,2041,-205.1944046
REGION1,SEBMCSPN2,CO2,1,2042,-205.1944046
REGION1,SEBMCSPN2,CO2,1,2043,-205.1944046
REGION1,SEBMCSPN2,CO2,1,2044,-205.1944046
REGION1,SEBMCSPN2,CO2,1,2045,-205.1944046
REGION1,SEBMCSPN2,CO2,1,2046,-205.1944046
REGION1,SEBMCSPN2,CO2,1,2047,-205.1944046
REGION1,SEBMCSPN2,CO2,1,2048,-205.1944046
REGION1,SEBMCSPN2,CO2,1,2049,-205.1944046
REGION1,SEBMCSPN2,CO2,1,2050,-205.1944046
REGION1,SEBMCSPN2,CO2,1,2051,-205.1944046
REGION1,SEBMCSPN2,CO2,1,2052,-205.1944046
REGION1,SEBMCSPN2,CO2,1,2053,-205.1944046
REGION1,SEBMCSPN2,CO2,1,2054,-205.1944046
REGION1,SEBMCSPN2,CO2,1,2055,-205.1944046
REGION1,SEBMCSPN2,CO2,1,2056,-205.1944046
REGION1,SEBMCSPN2,CO2,1,2057,-205.1944046
REGION1,SEBMCSPN2,CO2,1,2058,-205.1944046
REGION1,SEBMCSPN2,CO2,1,2059,-205.1944046
REGION1,SEBMCSPN2,CO2,1,2060,-205.1944046
REGION1,SEBMSTPH3,SEPM25,1,2015,0.133
REGION1,SEBMSTPH3,SEPM25,1,2016,0.133
REGION1,SEBMSTPH3,SEPM25,1,2017,0.133
REGION1,SEBMSTPH3,SEPM25,1,2018,0.133
REGION1,SEBMSTPH3,SEPM25,1,2019,0.133
REGION1,SEBMSTPH3,SEPM25,1,2020,0.133
REGION1,SEBMSTPH3,SEPM25,1,2021,0.133
REGION1,SEBMSTPH3,SEPM25,1,2022,0.133
REGION1,SEBMSTPH3,SEPM25,1,2023,0.133
REGION1,SEBMSTPH3,SEPM25,1,2024,0.133
REGION1,SEBMSTPH3,SEPM25,1,2025,0.133
REGION1,SEBMSTPH3,SEPM25,1,2026,0.133
REGION1,SEBMSTPH3,SEPM25,1,2027,0.133
REGION1,SEBMSTPH3,SEPM25,1,2028,0.133
REGION1,SEBMSTPH3,SEPM25,1,2029,0.133
REGION1,SEBMSTPH3,SEPM25,1,2030,0.133
REGION1,SEBMSTPH3,SEPM25,1,2031,0.133
REGION1,SEBMSTPH3,SEPM25,1,2032,0.133
REGION1,SEBMSTPH3,SEPM25,1,2033,0.133
REGION1,SEBMSTPH3,SEPM25,1,2034,0.133
REGION1,SEBMSTPH3,SEPM25,1,2035,0.133
REGION1,SEBMSTPH3,SEPM25,1,2036,0.133
REGION1,SEBMSTPH3,SEPM25,1,2037,0.133
REGION1,SEBMSTPH3,SEPM25,1,2038,0.133
REGION1,SEBMSTPH3,SEPM25,1,2039,0.133
REGION1,SEBMSTPH3,SEPM25,1,2040,0.133
REGION1,SEBMSTPH3,SEPM25,1,2041,0.133
REGION1,SEBMSTPH3,SEPM25,1,2042,0.133
REGION1,SEBMSTPH3,SEPM25,1,2043,0.133
REGION1,SEBMSTPH3,SEPM25,1,2044,0.133
REGION1,SEBMSTPH3,SEPM25,1,2045,0.133
REGION1,SEBMSTPH3,SEPM25,1,2046,0.133
REGION1,SEBMSTPH3,SEPM25,1,2047,0.133
REGION1,SEBMSTPH3,SEPM25,1,2048,0.133
REGION1,SEBMSTPH3,SEPM25,1,2049,0.133
REGION1,SEBMSTPH3,SEPM25,1,2050,0.133
REGION1,SEBMSTPH3,SEPM25,1,2051,0.133
REGION1,SEBMSTPH3,SEPM25,1,2052,0.133
REGION1,SEBMSTPH3,SEPM25,1,2053,0.133
REGION1,SEBMSTPH3,SEPM25,1,2054,0.133
REGION1,SEBMSTPH3,SEPM25,1,2055,0.133
REGION1,SEBMSTPH3,SEPM25,1,2056,0.133
REGION1,SEBMSTPH3,SEPM25,1,2057,0.133
REGION1,SEBMSTPH3,SEPM25,1,2058,0.133
REGION1,SEBMSTPH3,SEPM25,1,2059,0.133
REGION1,SEBMSTPH3,SEPM25,1,2060,0.133
REGION1,SECO00I00,CO2,1,2015,90.5355
REGION1,SECO00I00,CO2,1,2016,90.5355
REGION1,SECO00I00,CO2,1,2017,90.5355
REGION1,SECO00I00,CO2,1,2018,90.5355
REGION1,SECO00I00,CO2,1,2019,90.5355
REGION1,SECO00I00,CO2,1,2020,90.5355
REGION1,SECO00I00,CO2,1,2021,90.5355
REGION1,SECO00I00,CO2,1,2022,90.5355
REGION1,SECO00I00,CO2,1,2023,90.5355
REGION1,SECO00I00,CO2,1,2024,90.5355
REGION1,SECO00I00,CO2,1,2025,90.5355
REGION1,SECO00I00,CO2,1,2026,90.5355
REGION1,SECO00I00,CO2,1,2027,90.5355
REGION1,SECO00I00,CO2,1,2028,90.5355
REGION1,SECO00I00,CO2,1,2029,90.5355
REGION1,SECO00I00,CO2,1,2030,90.5355
REGION1,SECO00I00,CO2,1,2031,90.5355
REGION1,SECO00I00,CO2,1,2032,90.5355
REGION1,SECO00I00,CO2,1,2033,90.5355
REGION1,SECO00I00,CO2,1,2034,90.5355
REGION1,SECO00I00,CO2,1,2035,90.5355
REGION1,SECO00I00,CO2,1,2036,90.5355
REGION1,SECO00I00,CO2,1,2037,90.5355
REGION1,SECO00I00,CO2,1,2038,90.5355
REGION1,SECO00I00,CO2,1,2039,90.5355
REGION1,SECO00I00,CO2,1,2040,90.5355
REGION1,SECO00I00,CO2,1,2041,90.5355
REGION1,SECO00I00,CO2,1,2042,90.5355
REGION1,SECO00I00,CO2,1,2043,90.5355
REGION1,SECO00I00,CO2,1,2044,90.5355
REGION1,SECO00I00,CO2,1,2045,90.5355
REGION1,SECO00I00,CO2,1,2046,90.5355
REGION1,SECO00I00,CO2,1,2047,90.5355
REGION1,SECO00I00,CO2,1,2048,90.5355
REGION1,SECO00I00,CO2,1,2049,90.5355
REGION1,SECO00I00,CO2,1,2050,90.5355
REGION1,SECO00I00,CO2,1,2051,90.5355
REGION1,SECO00I00,CO2,1,2052,90.5355
REGION1,SECO00I00,CO2,1,2053,90.5355
REGION1,SECO00I00,CO2,1,2054,90.5355
REGION1,SECO00I00,CO2,1,2055,90.5355
REGION1,SECO00I00,CO2,1,2056,90.5355
REGION1,SECO00I00,CO2,1,2057,90.5355
REGION1,SECO00I00,CO2,1,2058,90.5355
REGION1,SECO00I00,CO2,1,2059,90.5355
REGION1,SECO00I00,CO2,1,2060,90.5355
REGION1,SECO00X00,CO2,1,2015,90.5355
REGION1,SECO00X00,CO2,1,2016,90.5355
REGION1,SECO00X00,CO2,1,2017,90.5355
REGION1,SECO00X00,CO2,1,2018,90.5355
REGION1,SECO00X00,CO2,1,2019,90.5355
REGION1,SECO00X00,CO2,1,2020,90.5355
REGION1,SECO00X00,CO2,1,2021,90.5355
REGION1,SECO00X00,CO2,1,2022,90.5355
REGION1,SECO00X00,CO2,1,2023,90.5355
REGION1,SECO00X00,CO2,1,2024,90.5355
REGION1,SECO00X00,CO2,1,2025,90.5355
REGION1,SECO00X00,CO2,1,2026,90.5355
REGION1,SECO00X00,CO2,1,2027,90.5355
REGION1,SECO00X00,CO2,1,2028,90.5355
REGION1,SECO00X00,CO2,1,2029,90.5355
REGION1,SECO00X00,CO2,1,2030,90.5355
REGION1,SECO00X00,CO2,1,2031,90.5355
REGION1,SECO00X00,CO2,1,2032,90.5355
REGION1,SECO00X00,CO2,1,2033,90.5355
REGION1,SECO00X00,CO2,1,2034,90.5355
REGION1,SECO00X00,CO2,1,2035,90.5355
REGION1,SECO00X00,CO2,1,2036,90.5355
REGION1,SECO00X00,CO2,1,2037,90.5355
REGION1,SECO00X00,CO2,1,2038,90.5355
REGION1,SECO00X00,CO2,1,2039,90.5355
REGION1,SECO00X00,CO2,1,2040,90.5355
REGION1,SECO00X00,CO2,1,2041,90.5355
REGION1,SECO00X00,CO2,1,2042,90.5355
REGION1,SECO00X00,CO2,1,2043,90.5355
REGION1,SECO00X00,CO2,1,2044,90.5355
REGION1,SECO00X00,CO2,1,2045,90.5355
REGION1,SECO00X00,CO2,1,2046,90.5355
REGION1,SECO00X00,CO2,1,2047,90.5355
REGION1,SECO00X00,CO2,1,2048,90.5355
REGION1,SECO00X00,CO2,1,2049,90.5355
REGION1,SECO00X00,CO2,1,2050,90.5355
REGION1,SECO00X00,CO2,1,2051,90.5355
REGION1,SECO00X00,CO2,1,2052,90.5355
REGION1,SECO00X00,CO2,1,2053,90.5355
REGION1,SECO00X00,CO2,1,2054,90.5355
REGION1,SECO00X00,CO2,1,2055,90.5355
REGION1,SECO00X00,CO2,1,2056,90.5355
REGION1,SECO00X00,CO2,1,2057,90.5355
REGION1,SECO00X00,CO2,1,2058,90.5355
REGION1,SECO00X00,CO2,1,2059,90.5355
REGION1,SECO00X00,CO2,1,2060,90.5355
REGION1,SECOCHPH3,SEPM25,1,2015,0.0028
REGION1,SECOCHPH3,SEPM25,1,2016,0.0028
REGION1,SECOCHPH3,SEPM25,1,2017,0.0028
REGION1,SECOCHPH3,SEPM25,1,2018,0.0028
REGION1,SECOCHPH3,SEPM25,1,2019,0.0028
REGION1,SECOCHPH3,SEPM25,1,2020,0.0028
REGION1,SECOCHPH3,SEPM25,1,2021,0.0028
REGION1,SECOCHPH3,SEPM25,1,2022,0.0028
REGION1,SECOCHPH3,SEPM25,1,2023,0.0028
REGION1,SECOCHPH3,SEPM25,1,2024,0.0028
REGION1,SECOCHPH3,SEPM25,1,2025,0.0028
REGION1,SECOCHPH3,SEPM25,1,2026,0.0028
REGION1,SECOCHPH3,SEPM25,1,2027,0.0028
REGION1,SECOCHPH3,SEPM25,1,2028,0.0028
REGION1,SECOCHPH3,SEPM25,1,2029,0.0028
REGION1,SECOCHPH3,SEPM25,1,2030,0.0028
REGION1,SECOCHPH3,SEPM25,1,2031,0.0028
REGION1,SECOCHPH3,SEPM25,1,2032,0.0028
REGION1,SECOCHPH3,SEPM25,1,2033,0.0028
REGION1,SECOCHPH3,SEPM25,1,2034,0.0028
REGION1,SECOCHPH3,SEPM25,1,2035,0.0028
REGION1,SECOCHPH3,SEPM25,1,2036,0.0028
REGION1,SECOCHPH3,SEPM25,1,2037,0.0028
REGION1,SECOCHPH3,SEPM25,1,2038,0.0028
REGION1,SECOCHPH3,SEPM25,1,2039,0.0028
REGION1,SECOCHPH3,SEPM25,1,2040,0.0028
REGION1,SECOCHPH3,SEPM25,1,2041,0.0028
REGION1,SECOCHPH3,SEPM25,1,2042,0.0028
REGION1,SECOCHPH3,SEPM25,1,2043,0.0028
REGION1,SECOCHPH3,SEPM25,1,2044,0.0028
REGION1,SECOCHPH3,SEPM25,1,2045,0.0028
REGION1,SECOCHPH3,SEPM25,1,2046,0.0028
REGION1,SECOCHPH3,SEPM25,1,2047,0.0028
REGION1,SECOCHPH3,SEPM25,1,2048,0.0028
REGION1,SECOCHPH3,SEPM25,1,2049,0.0028
REGION1,SECOCHPH3,SEPM25,1,2050,0.0028
REGION1,SECOCHPH3,SEPM25,1,2051,0.0028
REGION1,SECOCHPH3,SEPM25,1,2052,0.0028
REGION1,SECOCHPH3,SEPM25,1,2053,0.0028
REGION1,SECOCHPH3,SEPM25,1,2054,0.0028
REGION1,SECOCHPH3,SEPM25,1,2055,0.0028
REGION1,SECOCHPH3,SEPM25,1,2056,0.0028
REGION1,SECOCHPH3,SEPM25,1,2057,0.0028
REGION1,SECOCHPH3,SEPM25,1,2058,0.0028
REGION1,SECOCHPH3,SEPM25,1,2059,0.0028
REGION1,SECOCHPH3,SEPM25,1,2060,0.0028
REGION1,SECOCSPN2,CO2,1,2015,-340.8744343
REGION1,SECOCSPN2,CO2,1,2016,-338.8209739
REGION1,SECOCSPN2,CO2,1,2017,-336.7675134
REGION1,SECOCSPN2,CO2,1,2018,-334.714053
REGION1,SECOCSPN2,CO2,1,2019,-332.6605925
REGION1,SECOCSPN2,CO2,1,2020,-330.6071321000001
REGION1,SECOCSPN2,CO2,1,2021,-329.2847036000001
REGION1,SECOCSPN2,CO2,1,2022,-327.962275
REGION1,SECOCSPN2,CO2,1,2023,-326.6398465
REGION1,SECOCSPN2,CO2,1,2024,-325.317418
REGION1,SECOCSPN2,CO2,1,2025,-323.9949894
REGION1,SECOCSPN2,CO2,1,2026,-322.6725609
REGION1,SECOCSPN2,CO2,1,2027,-321.3501323999999
REGION1,SECOCSPN2,CO2,1,2028,-320.0277039
REGION1,SECOCSPN2,CO2,1,2029,-318.7052753
REGION1,SECOCSPN2,CO2,1,2030,-317.3828468
REGION1,SECOCSPN2,CO2,1,2031,-313.9823163
REGION1,SECOCSPN2,CO2,1,2032,-310.5817858
REGION1,SECOCSPN2,CO2,1,2033,-307.1812553
REGION1,SECOCSPN2,CO2,1,2034,-303.7807248
REGION1,SECOCSPN2,CO2,1,2035,-300.3801943
REGION1,SECOCSPN2,CO2,1,2036,-296.9796638
REGION1,SECOCSPN2,CO2,1,2037,-293.5791333
REGION1,SECOCSPN2,CO2,1,2038,-290.1786028
REGION1,SECOCSPN2,CO2,1,2039,-286.7780723
REGION1,SECOCSPN2,CO2,1,2040,-283.3775418
REGION1,SECOCSPN2,CO2,1,2041,-283.3775418
REGION1,SECOCSPN2,CO2,1,2042,-283.3775418
REGION1,SECOCSPN2,CO2,1,2043,-283.3775418
REGION1,SECOCSPN2,CO2,1,2044,-283.3775418
REGION1,SECOCSPN2,CO2,1,2045,-283.3775418
REGION1,SECOCSPN2,CO2,1,2046,-283.3775418
REGION1,SECOCSPN2,CO2,1,2047,-283.3775418
REGION1,SECOCSPN2,CO2,1,2048,-283.3775418
REGION1,SECOCSPN2,CO2,1,2049,-283.3775418
REGION1,SECOCSPN2,CO2,1,2050,-283.3775418
REGION1,SECOCSPN2,CO2,1,2051,-283.3775418
REGION1,SECOCSPN2,CO2,1,2052,-283.3775418
REGION1,SECOCSPN2,CO2,1,2053,-283.3775418
REGION1,SECOCSPN2,CO2,1,2054,-283.3775418
REGION1,SECOCSPN2,CO2,1,2055,-283.3775418
REGION1,SECOCSPN2,CO2,1,2056,-283.3775418
REGION1,SECOCSPN2,CO2,1,2057,-283.3775418
REGION1,SECOCSPN2,CO2,1,2058,-283.3775418
REGION1,SECOCSPN2,CO2,1,2059,-283.3775418
REGION1,SECOCSPN2,CO2,1,2060,-283.3775418
REGION1,SECOSTPH1,SEPM25,1,2015,0.0028
REGION1,SECOSTPH1,SEPM25,1,2016,0.0028
REGION1,SECOSTPH1,SEPM25,1,2017,0.0028
REGION1,SECOSTPH1,SEPM25,1,2018,0.0028
REGION1,SECOSTPH1,SEPM25,1,2019,0.0028
REGION1,SECOSTPH1,SEPM25,1,2020,0.0028
REGION1,SECOSTPH1,SEPM25,1,2021,0.0028
REGION1,SECOSTPH1,SEPM25,1,2022,0.0028
REGION1,SECOSTPH1,SEPM25,1,2023,0.0028
REGION1,SECOSTPH1,SEPM25,1,2024,0.0028
REGION1,SECOSTPH1,SEPM25,1,2025,0.0028
REGION1,SECOSTPH1,SEPM25,1,2026,0.0028
REGION1,SECOSTPH1,SEPM25,1,2027,0.0028
REGION1,SECOSTPH1,SEPM25,1,2028,0.0028
REGION1,SECOSTPH1,SEPM25,1,2029,0.0028
REGION1,SECOSTPH1,SEPM25,1,2030,0.0028
REGION1,SECOSTPH1,SEPM25,1,2031,0.0028
REGION1,SECOSTPH1,SEPM25,1,2032,0.0028
REGION1,SECOSTPH1,SEPM25,1,2033,0.0028
REGION1,SECOSTPH1,SEPM25,1,2034,0.0028
REGION1,SECOSTPH1,SEPM25,1,2035,0.0028
REGION1,SECOSTPH1,SEPM25,1,2036,0.0028
REGION1,SECOSTPH1,SEPM25,1,2037,0.0028
REGION1,SECOSTPH1,SEPM25,1,2038,0.0028
REGION1,SECOSTPH1,SEPM25,1,2039,0.0028
REGION1,SECOSTPH1,SEPM25,1,2040,0.0028
REGION1,SECOSTPH1,SEPM25,1,2041,0.0028
REGION1,SECOSTPH1,SEPM25,1,2042,0.0028
REGION1,SECOSTPH1,SEPM25,1,2043,0.0028
REGION1,SECOSTPH1,SEPM25,1,2044,0.0028
REGION1,SECOSTPH1,SEPM25,1,2045,0.0028
REGION1,SECOSTPH1,SEPM25,1,2046,0.0028
REGION1,SECOSTPH1,SEPM25,1,2047,0.0028
REGION1,SECOSTPH1,SEPM25,1,2048,0.0028
REGION1,SECOSTPH1,SEPM25,1,2049,0.0028
REGION1,SECOSTPH1,SEPM25,1,2050,0.0028
REGION1,SECOSTPH1,SEPM25,1,2051,0.0028
REGION1,SECOSTPH1,SEPM25,1,2052,0.0028
REGION1,SECOSTPH1,SEPM25,1,2053,0.0028
REGION1,SECOSTPH1,SEPM25,1,2054,0.0028
REGION1,SECOSTPH1,SEPM25,1,2055,0.0028
REGION1,SECOSTPH1,SEPM25,1,2056,0.0028
REGION1,SECOSTPH1,SEPM25,1,2057,0.0028
REGION1,SECOSTPH1,SEPM25,1,2058,0.0028
REGION1,SECOSTPH1,SEPM25,1,2059,0.0028
REGION1,SECOSTPH1,SEPM25,1,2060,0.0028
REGION1,SECOSTPH3,SEPM25,1,2015,0.0028
REGION1,SECOSTPH3,SEPM25,1,2016,0.0028
REGION1,SECOSTPH3,SEPM25,1,2017,0.0028
REGION1,SECOSTPH3,SEPM25,1,2018,0.0028
REGION1,SECOSTPH3,SEPM25,1,2019,0.0028
REGION1,SECOSTPH3,SEPM25,1,2020,0.0028
REGION1,SECOSTPH3,SEPM25,1,2021,0.0028
REGION1,SECOSTPH3,SEPM25,1,2022,0.0028
REGION1,SECOSTPH3,SEPM25,1,2023,0.0028
REGION1,SECOSTPH3,SEPM25,1,2024,0.0028
REGION1,SECOSTPH3,SEPM25,1,2025,0.0028
REGION1,SECOSTPH3,SEPM25,1,2026,0.0028
REGION1,SECOSTPH3,SEPM25,1,2027,0.0028
REGION1,SECOSTPH3,SEPM25,1,2028,0.0028
REGION1,SECOSTPH3,SEPM25,1,2029,0.0028
REGION1,SECOSTPH3,SEPM25,1,2030,0.0028
REGION1,SECOSTPH3,SEPM25,1,2031,0.0028
REGION1,SECOSTPH3,SEPM25,1,2032,0.0028
REGION1,SECOSTPH3,SEPM25,1,2033,0.0028
REGION1,SECOSTPH3,SEPM25,1,2034,0.0028
REGION1,SECOSTPH3,SEPM25,1,2035,0.0028
REGION1,SECOSTPH3,SEPM25,1,2036,0.0028
REGION1,SECOSTPH3,SEPM25,1,2037,0.0028
REGION1,SECOSTPH3,SEPM25,1,2038,0.0028
REGION1,SECOSTPH3,SEPM25,1,2039,0.0028
REGION1,SECOSTPH3,SEPM25,1,2040,0.0028
REGION1,SECOSTPH3,SEPM25,1,2041,0.0028
REGION1,SECOSTPH3,SEPM25,1,2042,0.0028
REGION1,SECOSTPH3,SEPM25,1,2043,0.0028
REGION1,SECOSTPH3,SEPM25,1,2044,0.0028
REGION1,SECOSTPH3,SEPM25,1,2045,0.0028
REGION1,SECOSTPH3,SEPM25,1,2046,0.0028
REGION1,SECOSTPH3,SEPM25,1,2047,0.0028
REGION1,SECOSTPH3,SEPM25,1,2048,0.0028
REGION1,SECOSTPH3,SEPM25,1,2049,0.0028
REGION1,SECOSTPH3,SEPM25,1,2050,0.0028
REGION1,SECOSTPH3,SEPM25,1,2051,0.0028
REGION1,SECOSTPH3,SEPM25,1,2052,0.0028
REGION1,SECOSTPH3,SEPM25,1,2053,0.0028
REGION1,SECOSTPH3,SEPM25,1,2054,0.0028
REGION1,SECOSTPH3,SEPM25,1,2055,0.0028
REGION1,SECOSTPH3,SEPM25,1,2056,0.0028
REGION1,SECOSTPH3,SEPM25,1,2057,0.0028
REGION1,SECOSTPH3,SEPM25,1,2058,0.0028
REGION1,SECOSTPH3,SEPM25,1,2059,0.0028
REGION1,SECOSTPH3,SEPM25,1,2060,0.0028
REGION1,SEHF00I00,CO2,1,2015,70.0778
REGION1,SEHF00I00,CO2,1,2016,70.0778
REGION1,SEHF00I00,CO2,1,2017,70.0778
REGION1,SEHF00I00,CO2,1,2018,70.0778
REGION1,SEHF00I00,CO2,1,2019,70.0778
REGION1,SEHF00I00,CO2,1,2020,70.0778
REGION1,SEHF00I00,CO2,1,2021,70.0778
REGION1,SEHF00I00,CO2,1,2022,70.0778
REGION1,SEHF00I00,CO2,1,2023,70.0778
REGION1,SEHF00I00,CO2,1,2024,70.0778
REGION1,SEHF00I00,CO2,1,2025,70.0778
REGION1,SEHF00I00,CO2,1,2026,70.0778
REGION1,SEHF00I00,CO2,1,2027,70.0778
REGION1,SEHF00I00,CO2,1,2028,70.0778
REGION1,SEHF00I00,CO2,1,2029,70.0778
REGION1,SEHF00I00,CO2,1,2030,70.0778
REGION1,SEHF00I00,CO2,1,2031,70.0778
REGION1,SEHF00I00,CO2,1,2032,70.0778
REGION1,SEHF00I00,CO2,1,2033,70.0778
REGION1,SEHF00I00,CO2,1,2034,70.0778
REGION1,SEHF00I00,CO2,1,2035,70.0778
REGION1,SEHF00I00,CO2,1,2036,70.0778
REGION1,SEHF00I00,CO2,1,2037,70.0778
REGION1,SEHF00I00,CO2,1,2038,70.0778
REGION1,SEHF00I00,CO2,1,2039,70.0778
REGION1,SEHF00I00,CO2,1,2040,70.0778
REGION1,SEHF00I00,CO2,1,2041,70.0778
REGION1,SEHF00I00,CO2,1,2042,70.0778
REGION1,SEHF00I00,CO2,1,2043,70.0778
REGION1,SEHF00I00,CO2,1,2044,70.0778
REGION1,SEHF00I00,CO2,1,2045,70.0778
REGION1,SEHF00I00,CO2,1,2046,70.0778
REGION1,SEHF00I00,CO2,1,2047,70.0778
REGION1,SEHF00I00,CO2,1,2048,70.0778
REGION1,SEHF00I00,CO2,1,2049,70.0778
REGION1,SEHF00I00,CO2,1,2050,70.0778
REGION1,SEHF00I00,CO2,1,2051,70.0778
REGION1,SEHF00I00,CO2,1,2052,70.0778
REGION1,SEHF00I00,CO2,1,2053,70.0778
REGION1,SEHF00I00,CO2,1,2054,70.0778
REGION1,SEHF00I00,CO2,1,2055,70.0778
REGION1,SEHF00I00,CO2,1,2056,70.0778
REGION1,SEHF00I00,CO2,1,2057,70.0778
REGION1,SEHF00I00,CO2,1,2058,70.0778
REGION1,SEHF00I00,CO2,1,2059,70.0778
REGION1,SEHF00I00,CO2,1,2060,70.0778
REGION1,SEHFCCPH2,SEPM25,1,2015,0.00195
REGION1,SEHFCCPH2,SEPM25,1,2016,0.00195
REGION1,SEHFCCPH2,SEPM25,1,2017,0.00195
REGION1,SEHFCCPH2,SEPM25,1,2018,0.00195
REGION1,SEHFCCPH2,SEPM25,1,2019,0.00195
REGION1,SEHFCCPH2,SEPM25,1,2020,0.00195
REGION1,SEHFCCPH2,SEPM25,1,2021,0.00195
REGION1,SEHFCCPH2,SEPM25,1,2022,0.00195
REGION1,SEHFCCPH2,SEPM25,1,2023,0.00195
REGION1,SEHFCCPH2,SEPM25,1,2024,0.00195
REGION1,SEHFCCPH2,SEPM25,1,2025,0.00195
REGION1,SEHFCCPH2,SEPM25,1,2026,0.00195
REGION1,SEHFCCPH2,SEPM25,1,2027,0.00195
REGION1,SEHFCCPH2,SEPM25,1,2028,0.00195
REGION1,SEHFCCPH2,SEPM25,1,2029,0.00195
REGION1,SEHFCCPH2,SEPM25,1,2030,0.00195
REGION1,SEHFCCPH2,SEPM25,1,2031,0.00195
REGION1,SEHFCCPH2,SEPM25,1,2032,0.00195
REGION1,SEHFCCPH2,SEPM25,1,2033,0.00195
REGION1,SEHFCCPH2,SEPM25,1,2034,0.00195
REGION1,SEHFCCPH2,SEPM25,1,2035,0.00195
REGION1,SEHFCCPH2,SEPM25,1,2036,0.00195
REGION1,SEHFCCPH2,SEPM25,1,2037,0.00195
REGION1,SEHFCCPH2,SEPM25,1,2038,0.00195
REGION1,SEHFCCPH2,SEPM25,1,2039,0.00195
REGION1,SEHFCCPH2,SEPM25,1,2040,0.00195
REGION1,SEHFCCPH2,SEPM25,1,2041,0.00195
REGION1,SEHFCCPH2,SEPM25,1,2042,0.00195
REGION1,SEHFCCPH2,SEPM25,1,2043,0.00195
REGION1,SEHFCCPH2,SEPM25,1,2044,0.00195
REGION1,SEHFCCPH2,SEPM25,1,2045,0.00195
REGION1,SEHFCCPH2,SEPM25,1,2046,0.00195
REGION1,SEHFCCPH2,SEPM25,1,2047,0.00195
REGION1,SEHFCCPH2,SEPM25,1,2048,0.00195
REGION1,SEHFCCPH2,SEPM25,1,2049,0.00195
REGION1,SEHFCCPH2,SEPM25,1,2050,0.00195
REGION1,SEHFCCPH2,SEPM25,1,2051,0.00195
REGION1,SEHFCCPH2,SEPM25,1,2052,0.00195
REGION1,SEHFCCPH2,SEPM25,1,2053,0.00195
REGION1,SEHFCCPH2,SEPM25,1,2054,0.00195
REGION1,SEHFCCPH2,SEPM25,1,2055,0.00195
REGION1,SEHFCCPH2,SEPM25,1,2056,0.00195
REGION1,SEHFCCPH2,SEPM25,1,2057,0.00195
REGION1,SEHFCCPH2,SEPM25,1,2058,0.00195
REGION1,SEHFCCPH2,SEPM25,1,2059,0.00195
REGION1,SEHFCCPH2,SEPM25,1,2060,0.00195
REGION1,SEHFCHPH3,SEPM25,1,2015,0.0193
REGION1,SEHFCHPH3,SEPM25,1,2016,0.0193
REGION1,SEHFCHPH3,SEPM25,1,2017,0.0193
REGION1,SEHFCHPH3,SEPM25,1,2018,0.0193
REGION1,SEHFCHPH3,SEPM25,1,2019,0.0193
REGION1,SEHFCHPH3,SEPM25,1,2020,0.0193
REGION1,SEHFCHPH3,SEPM25,1,2021,0.0193
REGION1,SEHFCHPH3,SEPM25,1,2022,0.0193
REGION1,SEHFCHPH3,SEPM25,1,2023,0.0193
REGION1,SEHFCHPH3,SEPM25,1,2024,0.0193
REGION1,SEHFCHPH3,SEPM25,1,2025,0.0193
REGION1,SEHFCHPH3,SEPM25,1,2026,0.0193
REGION1,SEHFCHPH3,SEPM25,1,2027,0.0193
REGION1,SEHFCHPH3,SEPM25,1,2028,0.0193
REGION1,SEHFCHPH3,SEPM25,1,2029,0.0193
REGION1,SEHFCHPH3,SEPM25,1,2030,0.0193
REGION1,SEHFCHPH3,SEPM25,1,2031,0.0193
REGION1,SEHFCHPH3,SEPM25,1,2032,0.0193
REGION1,SEHFCHPH3,SEPM25,1,2033,0.0193
REGION1,SEHFCHPH3,SEPM25,1,2034,0.0193
REGION1,SEHFCHPH3,SEPM25,1,2035,0.0193
REGION1,SEHFCHPH3,SEPM25,1,2036,0.0193
REGION1,SEHFCHPH3,SEPM25,1,2037,0.0193
REGION1,SEHFCHPH3,SEPM25,1,2038,0.0193
REGION1,SEHFCHPH3,SEPM25,1,2039,0.0193
REGION1,SEHFCHPH3,SEPM25,1,2040,0.0193
REGION1,SEHFCHPH3,SEPM25,1,2041,0.0193
REGION1,SEHFCHPH3,SEPM25,1,2042,0.0193
REGION1,SEHFCHPH3,SEPM25,1,2043,0.0193
REGION1,SEHFCHPH3,SEPM25,1,2044,0.0193
REGION1,SEHFCHPH3,SEPM25,1,2045,0.0193
REGION1,SEHFCHPH3,SEPM25,1,2046,0.0193
REGION1,SEHFCHPH3,SEPM25,1,2047,0.0193
REGION1,SEHFCHPH3,SEPM25,1,2048,0.0193
REGION1,SEHFCHPH3,SEPM25,1,2049,0.0193
REGION1,SEHFCHPH3,SEPM25,1,2050,0.0193
REGION1,SEHFCHPH3,SEPM25,1,2051,0.0193
REGION1,SEHFCHPH3,SEPM25,1,2052,0.0193
REGION1,SEHFCHPH3,SEPM25,1,2053,0.0193
REGION1,SEHFCHPH3,SEPM25,1,2054,0.0193
REGION1,SEHFCHPH3,SEPM25,1,2055,0.0193
REGION1,SEHFCHPH3,SEPM25,1,2056,0.0193
REGION1,SEHFCHPH3,SEPM25,1,2057,0.0193
REGION1,SEHFCHPH3,SEPM25,1,2058,0.0193
REGION1,SEHFCHPH3,SEPM25,1,2059,0.0193
REGION1,SEHFCHPH3,SEPM25,1,2060,0.0193
REGION1,SEHFGCPH3,SEPM25,1,2015,0.00195
REGION1,SEHFGCPH3,SEPM25,1,2016,0.00195
REGION1,SEHFGCPH3,SEPM25,1,2017,0.00195
REGION1,SEHFGCPH3,SEPM25,1,2018,0.00195
REGION1,SEHFGCPH3,SEPM25,1,2019,0.00195
REGION1,SEHFGCPH3,SEPM25,1,2020,0.00195
REGION1,SEHFGCPH3,SEPM25,1,2021,0.00195
REGION1,SEHFGCPH3,SEPM25,1,2022,0.00195
REGION1,SEHFGCPH3,SEPM25,1,2023,0.00195
REGION1,SEHFGCPH3,SEPM25,1,2024,0.00195
REGION1,SEHFGCPH3,SEPM25,1,2025,0.00195
REGION1,SEHFGCPH3,SEPM25,1,2026,0.00195
REGION1,SEHFGCPH3,SEPM25,1,2027,0.00195
REGION1,SEHFGCPH3,SEPM25,1,2028,0.00195
REGION1,SEHFGCPH3,SEPM25,1,2029,0.00195
REGION1,SEHFGCPH3,SEPM25,1,2030,0.00195
REGION1,SEHFGCPH3,SEPM25,1,2031,0.00195
REGION1,SEHFGCPH3,SEPM25,1,2032,0.00195
REGION1,SEHFGCPH3,SEPM25,1,2033,0.00195
REGION1,SEHFGCPH3,SEPM25,1,2034,0.00195
REGION1,SEHFGCPH3,SEPM25,1,2035,0.00195
REGION1,SEHFGCPH3,SEPM25,1,2036,0.00195
REGION1,SEHFGCPH3,SEPM25,1,2037,0.00195
REGION1,SEHFGCPH3,SEPM25,1,2038,0.00195
REGION1,SEHFGCPH3,SEPM25,1,2039,0.00195
REGION1,SEHFGCPH3,SEPM25,1,2040,0.00195
REGION1,SEHFGCPH3,SEPM25,1,2041,0.00195
REGION1,SEHFGCPH3,SEPM25,1,2042,0.00195
REGION1,SEHFGCPH3,SEPM25,1,2043,0.00195
REGION1,SEHFGCPH3,SEPM25,1,2044,0.00195
REGION1,SEHFGCPH3,SEPM25,1,2045,0.00195
REGION1,SEHFGCPH3,SEPM25,1,2046,0.00195
REGION1,SEHFGCPH3,SEPM25,1,2047,0.00195
REGION1,SEHFGCPH3,SEPM25,1,2048,0.00195
REGION1,SEHFGCPH3,SEPM25,1,2049,0.00195
REGION1,SEHFGCPH3,SEPM25,1,2050,0.00195
REGION1,SEHFGCPH3,SEPM25,1,2051,0.00195
REGION1,SEHFGCPH3,SEPM25,1,2052,0.00195
REGION1,SEHFGCPH3,SEPM25,1,2053,0.00195
REGION1,SEHFGCPH3,SEPM25,1,2054,0.00195
REGION1,SEHFGCPH3,SEPM25,1,2055,0.00195
REGION1,SEHFGCPH3,SEPM25,1,2056,0.00195
REGION1,SEHFGCPH3,SEPM25,1,2057,0.00195
REGION1,SEHFGCPH3,SEPM25,1,2058,0.00195
REGION1,SEHFGCPH3,SEPM25,1,2059,0.00195
REGION1,SEHFGCPH3,SEPM25,1,2060,0.00195
REGION1,SEHFGCPN3,SEPM25,1,2015,0.0002
REGION1,SEHFGCPN3,SEPM25,1,2016,0.0002
REGION1,SEHFGCPN3,SEPM25,1,2017,0.0002
REGION1,SEHFGCPN3,SEPM25,1,2018,0.0002
REGION1,SEHFGCPN3,SEPM25,1,2019,0.0002
REGION1,SEHFGCPN3,SEPM25,1,2020,0.0002
REGION1,SEHFGCPN3,SEPM25,1,2021,0.0002
REGION1,SEHFGCPN3,SEPM25,1,2022,0.0002
REGION1,SEHFGCPN3,SEPM25,1,2023,0.0002
REGION1,SEHFGCPN3,SEPM25,1,2024,0.0002
REGION1,SEHFGCPN3,SEPM25,1,2025,0.0002
REGION1,SEHFGCPN3,SEPM25,1,2026,0.0002
REGION1,SEHFGCPN3,SEPM25,1,2027,0.0002
REGION1,SEHFGCPN3,SEPM25,1,2028,0.0002
REGION1,SEHFGCPN3,SEPM25,1,2029,0.0002
REGION1,SEHFGCPN3,SEPM25,1,2030,0.0002
REGION1,SEHFGCPN3,SEPM25,1,2031,0.0002
REGION1,SEHFGCPN3,SEPM25,1,2032,0.0002
REGION1,SEHFGCPN3,SEPM25,1,2033,0.0002
REGION1,SEHFGCPN3,SEPM25,1,2034,0.0002
REGION1,SEHFGCPN3,SEPM25,1,2035,0.0002
REGION1,SEHFGCPN3,SEPM25,1,2036,0.0002
REGION1,SEHFGCPN3,SEPM25,1,2037,0.0002
REGION1,SEHFGCPN3,SEPM25,1,2038,0.0002
REGION1,SEHFGCPN3,SEPM25,1,2039,0.0002
REGION1,SEHFGCPN3,SEPM25,1,2040,0.0002
REGION1,SEHFGCPN3,SEPM25,1,2041,0.0002
REGION1,SEHFGCPN3,SEPM25,1,2042,0.0002
REGION1,SEHFGCPN3,SEPM25,1,2043,0.0002
REGION1,SEHFGCPN3,SEPM25,1,2044,0.0002
REGION1,SEHFGCPN3,SEPM25,1,2045,0.0002
REGION1,SEHFGCPN3,SEPM25,1,2046,0.0002
REGION1,SEHFGCPN3,SEPM25,1,2047,0.0002
REGION1,SEHFGCPN3,SEPM25,1,2048,0.0002
REGION1,SEHFGCPN3,SEPM25,1,2049,0.0002
REGION1,SEHFGCPN3,SEPM25,1,2050,0.0002
REGION1,SEHFGCPN3,SEPM25,1,2051,0.0002
REGION1,SEHFGCPN3,SEPM25,1,2052,0.0002
REGION1,SEHFGCPN3,SEPM25,1,2053,0.0002
REGION1,SEHFGCPN3,SEPM25,1,2054,0.0002
REGION1,SEHFGCPN3,SEPM25,1,2055,0.0002
REGION1,SEHFGCPN3,SEPM25,1,2056,0.0002
REGION1,SEHFGCPN3,SEPM25,1,2057,0.0002
REGION1,SEHFGCPN3,SEPM25,1,2058,0.0002
REGION1,SEHFGCPN3,SEPM25,1,2059,0.0002
REGION1,SEHFGCPN3,SEPM25,1,2060,0.0002
REGION1,SEHFHPFH1,SEPM25,1,2015,0.0217
REGION1,SEHFHPFH1,SEPM25,1,2016,0.0217
REGION1,SEHFHPFH1,SEPM25,1,2017,0.0217
REGION1,SEHFHPFH1,SEPM25,1,2018,0.0217
REGION1,SEHFHPFH1,SEPM25,1,2019,0.0217
REGION1,SEHFHPFH1,SEPM25,1,2020,0.0217
REGION1,SEHFHPFH1,SEPM25,1,2021,0.0217
REGION1,SEHFHPFH1,SEPM25,1,2022,0.0217
REGION1,SEHFHPFH1,SEPM25,1,2023,0.0217
REGION1,SEHFHPFH1,SEPM25,1,2024,0.0217
REGION1,SEHFHPFH1,SEPM25,1,2025,0.0217
REGION1,SEHFHPFH1,SEPM25,1,2026,0.0217
REGION1,SEHFHPFH1,SEPM25,1,2027,0.0217
REGION1,SEHFHPFH1,SEPM25,1,2028,0.0217
REGION1,SEHFHPFH1,SEPM25,1,2029,0.0217
REGION1,SEHFHPFH1,SEPM25,1,2030,0.0217
REGION1,SEHFHPFH1,SEPM25,1,2031,0.0217
REGION1,SEHFHPFH1,SEPM25,1,2032,0.0217
REGION1,SEHFHPFH1,SEPM25,1,2033,0.0217
REGION1,SEHFHPFH1,SEPM25,1,2034,0.0217
REGION1,SEHFHPFH1,SEPM25,1,2035,0.0217
REGION1,SEHFHPFH1,SEPM25,1,2036,0.0217
REGION1,SEHFHPFH1,SEPM25,1,2037,0.0217
REGION1,SEHFHPFH1,SEPM25,1,2038,0.0217
REGION1,SEHFHPFH1,SEPM25,1,2039,0.0217
REGION1,SEHFHPFH1,SEPM25,1,2040,0.0217
REGION1,SEHFHPFH1,SEPM25,1,2041,0.0217
REGION1,SEHFHPFH1,SEPM25,1,2042,0.0217
REGION1,SEHFHPFH1,SEPM25,1,2043,0.0217
REGION1,SEHFHPFH1,SEPM25,1,2044,0.0217
REGION1,SEHFHPFH1,SEPM25,1,2045,0.0217
REGION1,SEHFHPFH1,SEPM25,1,2046,0.0217
REGION1,SEHFHPFH1,SEPM25,1,2047,0.0217
REGION1,SEHFHPFH1,SEPM25,1,2048,0.0217
REGION1,SEHFHPFH1,SEPM25,1,2049,0.0217
REGION1,SEHFHPFH1,SEPM25,1,2050,0.0217
REGION1,SEHFHPFH1,SEPM25,1,2051,0.0217
REGION1,SEHFHPFH1,SEPM25,1,2052,0.0217
REGION1,SEHFHPFH1,SEPM25,1,2053,0.0217
REGION1,SEHFHPFH1,SEPM25,1,2054,0.0217
REGION1,SEHFHPFH1,SEPM25,1,2055,0.0217
REGION1,SEHFHPFH1,SEPM25,1,2056,0.0217
REGION1,SEHFHPFH1,SEPM25,1,2057,0.0217
REGION1,SEHFHPFH1,SEPM25,1,2058,0.0217
REGION1,SEHFHPFH1,SEPM25,1,2059,0.0217
REGION1,SEHFHPFH1,SEPM25,1,2060,0.0217
REGION1,SEHFHPPH2,SEPM25,1,2015,0.0217
REGION1,SEHFHPPH2,SEPM25,1,2016,0.0217
REGION1,SEHFHPPH2,SEPM25,1,2017,0.0217
REGION1,SEHFHPPH2,SEPM25,1,2018,0.0217
REGION1,SEHFHPPH2,SEPM25,1,2019,0.0217
REGION1,SEHFHPPH2,SEPM25,1,2020,0.0217
REGION1,SEHFHPPH2,SEPM25,1,2021,0.0217
REGION1,SEHFHPPH2,SEPM25,1,2022,0.0217
REGION1,SEHFHPPH2,SEPM25,1,2023,0.0217
REGION1,SEHFHPPH2,SEPM25,1,2024,0.0217
REGION1,SEHFHPPH2,SEPM25,1,2025,0.0217
REGION1,SEHFHPPH2,SEPM25,1,2026,0.0217
REGION1,SEHFHPPH2,SEPM25,1,2027,0.0217
REGION1,SEHFHPPH2,SEPM25,1,2028,0.0217
REGION1,SEHFHPPH2,SEPM25,1,2029,0.0217
REGION1,SEHFHPPH2,SEPM25,1,2030,0.0217
REGION1,SEHFHPPH2,SEPM25,1,2031,0.0217
REGION1,SEHFHPPH2,SEPM25,1,2032,0.0217
REGION1,SEHFHPPH2,SEPM25,1,2033,0.0217
REGION1,SEHFHPPH2,SEPM25,1,2034,0.0217
REGION1,SEHFHPPH2,SEPM25,1,2035,0.0217
REGION1,SEHFHPPH2,SEPM25,1,2036,0.0217
REGION1,SEHFHPPH2,SEPM25,1,2037,0.0217
REGION1,SEHFHPPH2,SEPM25,1,2038,0.0217
REGION1,SEHFHPPH2,SEPM25,1,2039,0.0217
REGION1,SEHFHPPH2,SEPM25,1,2040,0.0217
REGION1,SEHFHPPH2,SEPM25,1,2041,0.0217
REGION1,SEHFHPPH2,SEPM25,1,2042,0.0217
REGION1,SEHFHPPH2,SEPM25,1,2043,0.0217
REGION1,SEHFHPPH2,SEPM25,1,2044,0.0217
REGION1,SEHFHPPH2,SEPM25,1,2045,0.0217
REGION1,SEHFHPPH2,SEPM25,1,2046,0.0217
REGION1,SEHFHPPH2,SEPM25,1,2047,0.0217
REGION1,SEHFHPPH2,SEPM25,1,2048,0.0217
REGION1,SEHFHPPH2,SEPM25,1,2049,0.0217
REGION1,SEHFHPPH2,SEPM25,1,2050,0.0217
REGION1,SEHFHPPH2,SEPM25,1,2051,0.0217
REGION1,SEHFHPPH2,SEPM25,1,2052,0.0217
REGION1,SEHFHPPH2,SEPM25,1,2053,0.0217
REGION1,SEHFHPPH2,SEPM25,1,2054,0.0217
REGION1,SEHFHPPH2,SEPM25,1,2055,0.0217
REGION1,SEHFHPPH2,SEPM25,1,2056,0.0217
REGION1,SEHFHPPH2,SEPM25,1,2057,0.0217
REGION1,SEHFHPPH2,SEPM25,1,2058,0.0217
REGION1,SEHFHPPH2,SEPM25,1,2059,0.0217
REGION1,SEHFHPPH2,SEPM25,1,2060,0.0217
REGION1,SEHFSTPH2,SEPM25,1,2015,0.0193
REGION1,SEHFSTPH2,SEPM25,1,2016,0.0193
REGION1,SEHFSTPH2,SEPM25,1,2017,0.0193
REGION1,SEHFSTPH2,SEPM25,1,2018,0.0193
REGION1,SEHFSTPH2,SEPM25,1,2019,0.0193
REGION1,SEHFSTPH2,SEPM25,1,2020,0.0193
REGION1,SEHFSTPH2,SEPM25,1,2021,0.0193
REGION1,SEHFSTPH2,SEPM25,1,2022,0.0193
REGION1,SEHFSTPH2,SEPM25,1,2023,0.0193
REGION1,SEHFSTPH2,SEPM25,1,2024,0.0193
REGION1,SEHFSTPH2,SEPM25,1,2025,0.0193
REGION1,SEHFSTPH2,SEPM25,1,2026,0.0193
REGION1,SEHFSTPH2,SEPM25,1,2027,0.0193
REGION1,SEHFSTPH2,SEPM25,1,2028,0.0193
REGION1,SEHFSTPH2,SEPM25,1,2029,0.0193
REGION1,SEHFSTPH2,SEPM25,1,2030,0.0193
REGION1,SEHFSTPH2,SEPM25,1,2031,0.0193
REGION1,SEHFSTPH2,SEPM25,1,2032,0.0193
REGION1,SEHFSTPH2,SEPM25,1,2033,0.0193
REGION1,SEHFSTPH2,SEPM25,1,2034,0.0193
REGION1,SEHFSTPH2,SEPM25,1,2035,0.0193
REGION1,SEHFSTPH2,SEPM25,1,2036,0.0193
REGION1,SEHFSTPH2,SEPM25,1,2037,0.0193
REGION1,SEHFSTPH2,SEPM25,1,2038,0.0193
REGION1,SEHFSTPH2,SEPM25,1,2039,0.0193
REGION1,SEHFSTPH2,SEPM25,1,2040,0.0193
REGION1,SEHFSTPH2,SEPM25,1,2041,0.0193
REGION1,SEHFSTPH2,SEPM25,1,2042,0.0193
REGION1,SEHFSTPH2,SEPM25,1,2043,0.0193
REGION1,SEHFSTPH2,SEPM25,1,2044,0.0193
REGION1,SEHFSTPH2,SEPM25,1,2045,0.0193
REGION1,SEHFSTPH2,SEPM25,1,2046,0.0193
REGION1,SEHFSTPH2,SEPM25,1,2047,0.0193
REGION1,SEHFSTPH2,SEPM25,1,2048,0.0193
REGION1,SEHFSTPH2,SEPM25,1,2049,0.0193
REGION1,SEHFSTPH2,SEPM25,1,2050,0.0193
REGION1,SEHFSTPH2,SEPM25,1,2051,0.0193
REGION1,SEHFSTPH2,SEPM25,1,2052,0.0193
REGION1,SEHFSTPH2,SEPM25,1,2053,0.0193
REGION1,SEHFSTPH2,SEPM25,1,2054,0.0193
REGION1,SEHFSTPH2,SEPM25,1,2055,0.0193
REGION1,SEHFSTPH2,SEPM25,1,2056,0.0193
REGION1,SEHFSTPH2,SEPM25,1,2057,0.0193
REGION1,SEHFSTPH2,SEPM25,1,2058,0.0193
REGION1,SEHFSTPH2,SEPM25,1,2059,0.0193
REGION1,SEHFSTPH2,SEPM25,1,2060,0.0193
REGION1,SEHFSTPH3,SEPM25,1,2015,0.0193
REGION1,SEHFSTPH3,SEPM25,1,2016,0.0193
REGION1,SEHFSTPH3,SEPM25,1,2017,0.0193
REGION1,SEHFSTPH3,SEPM25,1,2018,0.0193
REGION1,SEHFSTPH3,SEPM25,1,2019,0.0193
REGION1,SEHFSTPH3,SEPM25,1,2020,0.0193
REGION1,SEHFSTPH3,SEPM25,1,2021,0.0193
REGION1,SEHFSTPH3,SEPM25,1,2022,0.0193
REGION1,SEHFSTPH3,SEPM25,1,2023,0.0193
REGION1,SEHFSTPH3,SEPM25,1,2024,0.0193
REGION1,SEHFSTPH3,SEPM25,1,2025,0.0193
REGION1,SEHFSTPH3,SEPM25,1,2026,0.0193
REGION1,SEHFSTPH3,SEPM25,1,2027,0.0193
REGION1,SEHFSTPH3,SEPM25,1,2028,0.0193
REGION1,SEHFSTPH3,SEPM25,1,2029,0.0193
REGION1,SEHFSTPH3,SEPM25,1,2030,0.0193
REGION1,SEHFSTPH3,SEPM25,1,2031,0.0193
REGION1,SEHFSTPH3,SEPM25,1,2032,0.0193
REGION1,SEHFSTPH3,SEPM25,1,2033,0.0193
REGION1,SEHFSTPH3,SEPM25,1,2034,0.0193
REGION1,SEHFSTPH3,SEPM25,1,2035,0.0193
REGION1,SEHFSTPH3,SEPM25,1,2036,0.0193
REGION1,SEHFSTPH3,SEPM25,1,2037,0.0193
REGION1,SEHFSTPH3,SEPM25,1,2038,0.0193
REGION1,SEHFSTPH3,SEPM25,1,2039,0.0193
REGION1,SEHFSTPH3,SEPM25,1,2040,0.0193
REGION1,SEHFSTPH3,SEPM25,1,2041,0.0193
REGION1,SEHFSTPH3,SEPM25,1,2042,0.0193
REGION1,SEHFSTPH3,SEPM25,1,2043,0.0193
REGION1,SEHFSTPH3,SEPM25,1,2044,0.0193
REGION1,SEHFSTPH3,SEPM25,1,2045,0.0193
REGION1,SEHFSTPH3,SEPM25,1,2046,0.0193
REGION1,SEHFSTPH3,SEPM25,1,2047,0.0193
REGION1,SEHFSTPH3,SEPM25,1,2048,0.0193
REGION1,SEHFSTPH3,SEPM25,1,2049,0.0193
REGION1,SEHFSTPH3,SEPM25,1,2050,0.0193
REGION1,SEHFSTPH3,SEPM25,1,2051,0.0193
REGION1,SEHFSTPH3,SEPM25,1,2052,0.0193
REGION1,SEHFSTPH3,SEPM25,1,2053,0.0193
REGION1,SEHFSTPH3,SEPM25,1,2054,0.0193
REGION1,SEHFSTPH3,SEPM25,1,2055,0.0193
REGION1,SEHFSTPH3,SEPM25,1,2056,0.0193
REGION1,SEHFSTPH3,SEPM25,1,2057,0.0193
REGION1,SEHFSTPH3,SEPM25,1,2058,0.0193
REGION1,SEHFSTPH3,SEPM25,1,2059,0.0193
REGION1,SEHFSTPH3,SEPM25,1,2060,0.0193
REGION1,SEHYDMPH0,SEHO,1,2015,1.0
REGION1,SEHYDMPH0,SEHO,1,2016,1.0
REGION1,SEHYDMPH0,SEHO,1,2017,1.0
REGION1,SEHYDMPH0,SEHO,1,2018,1.0
REGION1,SEHYDMPH0,SEHO,1,2019,1.0
REGION1,SEHYDMPH0,SEHO,1,2020,1.0
REGION1,SEHYDMPH0,SEHO,1,2021,1.0
REGION1,SEHYDMPH0,SEHO,1,2022,1.0
REGION1,SEHYDMPH0,SEHO,1,2023,1.0
REGION1,SEHYDMPH0,SEHO,1,2024,1.0
REGION1,SEHYDMPH0,SEHO,1,2025,1.0
REGION1,SEHYDMPH0,SEHO,1,2026,1.0
REGION1,SEHYDMPH0,SEHO,1,2027,1.0
REGION1,SEHYDMPH0,SEHO,1,2028,1.0
REGION1,SEHYDMPH0,SEHO,1,2029,1.0
REGION1,SEHYDMPH0,SEHO,1,2030,1.0
REGION1,SEHYDMPH0,SEHO,1,2031,1.0
REGION1,SEHYDMPH0,SEHO,1,2032,1.0
REGION1,SEHYDMPH0,SEHO,1,2033,1.0
REGION1,SEHYDMPH0,SEHO,1,2034,1.0
REGION1,SEHYDMPH0,SEHO,1,2035,1.0
REGION1,SEHYDMPH0,SEHO,1,2036,1.0
REGION1,SEHYDMPH0,SEHO,1,2037,1.0
REGION1,SEHYDMPH0,SEHO,1,2038,1.0
REGION1,SEHYDMPH0,SEHO,1,2039,1.0
REGION1,SEHYDMPH0,SEHO,1,2040,1.0
REGION1,SEHYDMPH0,SEHO,1,2041,1.0
REGION1,SEHYDMPH0,SEHO,1,2042,1.0
REGION1,SEHYDMPH0,SEHO,1,2043,1.0
REGION1,SEHYDMPH0,SEHO,1,2044,1.0
REGION1,SEHYDMPH0,SEHO,1,2045,1.0
REGION1,SEHYDMPH0,SEHO,1,2046,1.0
REGION1,SEHYDMPH0,SEHO,1,2047,1.0
REGION1,SEHYDMPH0,SEHO,1,2048,1.0
REGION1,SEHYDMPH0,SEHO,1,2049,1.0
REGION1,SEHYDMPH0,SEHO,1,2050,1.0
REGION1,SEHYDMPH0,SEHO,1,2051,1.0
REGION1,SEHYDMPH0,SEHO,1,2052,1.0
REGION1,SEHYDMPH0,SEHO,1,2053,1.0
REGION1,SEHYDMPH0,SEHO,1,2054,1.0
REGION1,SEHYDMPH0,SEHO,1,2055,1.0
REGION1,SEHYDMPH0,SEHO,1,2056,1.0
REGION1,SEHYDMPH0,SEHO,1,2057,1.0
REGION1,SEHYDMPH0,SEHO,1,2058,1.0
REGION1,SEHYDMPH0,SEHO,1,2059,1.0
REGION1,SEHYDMPH0,SEHO,1,2060,1.0
REGION1,SEHYDMPH1,SEHO,1,2015,1.0
REGION1,SEHYDMPH1,SEHO,1,2016,1.0
REGION1,SEHYDMPH1,SEHO,1,2017,1.0
REGION1,SEHYDMPH1,SEHO,1,2018,1.0
REGION1,SEHYDMPH1,SEHO,1,2019,1.0
REGION1,SEHYDMPH1,SEHO,1,2020,1.0
REGION1,SEHYDMPH1,SEHO,1,2021,1.0
REGION1,SEHYDMPH1,SEHO,1,2022,1.0
REGION1,SEHYDMPH1,SEHO,1,2023,1.0
REGION1,SEHYDMPH1,SEHO,1,2024,1.0
REGION1,SEHYDMPH1,SEHO,1,2025,1.0
REGION1,SEHYDMPH1,SEHO,1,2026,1.0
REGION1,SEHYDMPH1,SEHO,1,2027,1.0
REGION1,SEHYDMPH1,SEHO,1,2028,1.0
REGION1,SEHYDMPH1,SEHO,1,2029,1.0
REGION1,SEHYDMPH1,SEHO,1,2030,1.0
REGION1,SEHYDMPH1,SEHO,1,2031,1.0
REGION1,SEHYDMPH1,SEHO,1,2032,1.0
REGION1,SEHYDMPH1,SEHO,1,2033,1.0
REGION1,SEHYDMPH1,SEHO,1,2034,1.0
REGION1,SEHYDMPH1,SEHO,1,2035,1.0
REGION1,SEHYDMPH1,SEHO,1,2036,1.0
REGION1,SEHYDMPH1,SEHO,1,2037,1.0
REGION1,SEHYDMPH1,SEHO,1,2038,1.0
REGION1,SEHYDMPH1,SEHO,1,2039,1.0
REGION1,SEHYDMPH1,SEHO,1,2040,1.0
REGION1,SEHYDMPH1,SEHO,1,2041,1.0
REGION1,SEHYDMPH1,SEHO,1,2042,1.0
REGION1,SEHYDMPH1,SEHO,1,2043,1.0
REGION1,SEHYDMPH1,SEHO,1,2044,1.0
REGION1,SEHYDMPH1,SEHO,1,2045,1.0
REGION1,SEHYDMPH1,SEHO,1,2046,1.0
REGION1,SEHYDMPH1,SEHO,1,2047,1.0
REGION1,SEHYDMPH1,SEHO,1,2048,1.0
REGION1,SEHYDMPH1,SEHO,1,2049,1.0
REGION1,SEHYDMPH1,SEHO,1,2050,1.0
REGION1,SEHYDMPH1,SEHO,1,2051,1.0
REGION1,SEHYDMPH1,SEHO,1,2052,1.0
REGION1,SEHYDMPH1,SEHO,1,2053,1.0
REGION1,SEHYDMPH1,SEHO,1,2054,1.0
REGION1,SEHYDMPH1,SEHO,1,2055,1.0
REGION1,SEHYDMPH1,SEHO,1,2056,1.0
REGION1,SEHYDMPH1,SEHO,1,2057,1.0
REGION1,SEHYDMPH1,SEHO,1,2058,1.0
REGION1,SEHYDMPH1,SEHO,1,2059,1.0
REGION1,SEHYDMPH1,SEHO,1,2060,1.0
REGION1,SEHYDMPH2,SEHO,1,2015,1.0
REGION1,SEHYDMPH2,SEHO,1,2016,1.0
REGION1,SEHYDMPH2,SEHO,1,2017,1.0
REGION1,SEHYDMPH2,SEHO,1,2018,1.0
REGION1,SEHYDMPH2,SEHO,1,2019,1.0
REGION1,SEHYDMPH2,SEHO,1,2020,1.0
REGION1,SEHYDMPH2,SEHO,1,2021,1.0
REGION1,SEHYDMPH2,SEHO,1,2022,1.0
REGION1,SEHYDMPH2,SEHO,1,2023,1.0
REGION1,SEHYDMPH2,SEHO,1,2024,1.0
REGION1,SEHYDMPH2,SEHO,1,2025,1.0
REGION1,SEHYDMPH2,SEHO,1,2026,1.0
REGION1,SEHYDMPH2,SEHO,1,2027,1.0
REGION1,SEHYDMPH2,SEHO,1,2028,1.0
REGION1,SEHYDMPH2,SEHO,1,2029,1.0
REGION1,SEHYDMPH2,SEHO,1,2030,1.0
REGION1,SEHYDMPH2,SEHO,1,2031,1.0
REGION1,SEHYDMPH2,SEHO,1,2032,1.0
REGION1,SEHYDMPH2,SEHO,1,2033,1.0
REGION1,SEHYDMPH2,SEHO,1,2034,1.0
REGION1,SEHYDMPH2,SEHO,1,2035,1.0
REGION1,SEHYDMPH2,SEHO,1,2036,1.0
REGION1,SEHYDMPH2,SEHO,1,2037,1.0
REGION1,SEHYDMPH2,SEHO,1,2038,1.0
REGION1,SEHYDMPH2,SEHO,1,2039,1.0
REGION1,SEHYDMPH2,SEHO,1,2040,1.0
REGION1,SEHYDMPH2,SEHO,1,2041,1.0
REGION1,SEHYDMPH2,SEHO,1,2042,1.0
REGION1,SEHYDMPH2,SEHO,1,2043,1.0
REGION1,SEHYDMPH2,SEHO,1,2044,1.0
REGION1,SEHYDMPH2,SEHO,1,2045,1.0
REGION1,SEHYDMPH2,SEHO,1,2046,1.0
REGION1,SEHYDMPH2,SEHO,1,2047,1.0
REGION1,SEHYDMPH2,SEHO,1,2048,1.0
REGION1,SEHYDMPH2,SEHO,1,2049,1.0
REGION1,SEHYDMPH2,SEHO,1,2050,1.0
REGION1,SEHYDMPH2,SEHO,1,2051,1.0
REGION1,SEHYDMPH2,SEHO,1,2052,1.0
REGION1,SEHYDMPH2,SEHO,1,2053,1.0
REGION1,SEHYDMPH2,SEHO,1,2054,1.0
REGION1,SEHYDMPH2,SEHO,1,2055,1.0
REGION1,SEHYDMPH2,SEHO,1,2056,1.0
REGION1,SEHYDMPH2,SEHO,1,2057,1.0
REGION1,SEHYDMPH2,SEHO,1,2058,1.0
REGION1,SEHYDMPH2,SEHO,1,2059,1.0
REGION1,SEHYDMPH2,SEHO,1,2060,1.0
REGION1,SEHYDMPH3,SEHO,1,2015,1.0
REGION1,SEHYDMPH3,SEHO,1,2016,1.0
REGION1,SEHYDMPH3,SEHO,1,2017,1.0
REGION1,SEHYDMPH3,SEHO,1,2018,1.0
REGION1,SEHYDMPH3,SEHO,1,2019,1.0
REGION1,SEHYDMPH3,SEHO,1,2020,1.0
REGION1,SEHYDMPH3,SEHO,1,2021,1.0
REGION1,SEHYDMPH3,SEHO,1,2022,1.0
REGION1,SEHYDMPH3,SEHO,1,2023,1.0
REGION1,SEHYDMPH3,SEHO,1,2024,1.0
REGION1,SEHYDMPH3,SEHO,1,2025,1.0
REGION1,SEHYDMPH3,SEHO,1,2026,1.0
REGION1,SEHYDMPH3,SEHO,1,2027,1.0
REGION1,SEHYDMPH3,SEHO,1,2028,1.0
REGION1,SEHYDMPH3,SEHO,1,2029,1.0
REGION1,SEHYDMPH3,SEHO,1,2030,1.0
REGION1,SEHYDMPH3,SEHO,1,2031,1.0
REGION1,SEHYDMPH3,SEHO,1,2032,1.0
REGION1,SEHYDMPH3,SEHO,1,2033,1.0
REGION1,SEHYDMPH3,SEHO,1,2034,1.0
REGION1,SEHYDMPH3,SEHO,1,2035,1.0
REGION1,SEHYDMPH3,SEHO,1,2036,1.0
REGION1,SEHYDMPH3,SEHO,1,2037,1.0
REGION1,SEHYDMPH3,SEHO,1,2038,1.0
REGION1,SEHYDMPH3,SEHO,1,2039,1.0
REGION1,SEHYDMPH3,SEHO,1,2040,1.0
REGION1,SEHYDMPH3,SEHO,1,2041,1.0
REGION1,SEHYDMPH3,SEHO,1,2042,1.0
REGION1,SEHYDMPH3,SEHO,1,2043,1.0
REGION1,SEHYDMPH3,SEHO,1,2044,1.0
REGION1,SEHYDMPH3,SEHO,1,2045,1.0
REGION1,SEHYDMPH3,SEHO,1,2046,1.0
REGION1,SEHYDMPH3,SEHO,1,2047,1.0
REGION1,SEHYDMPH3,SEHO,1,2048,1.0
REGION1,SEHYDMPH3,SEHO,1,2049,1.0
REGION1,SEHYDMPH3,SEHO,1,2050,1.0
REGION1,SEHYDMPH3,SEHO,1,2051,1.0
REGION1,SEHYDMPH3,SEHO,1,2052,1.0
REGION1,SEHYDMPH3,SEHO,1,2053,1.0
REGION1,SEHYDMPH3,SEHO,1,2054,1.0
REGION1,SEHYDMPH3,SEHO,1,2055,1.0
REGION1,SEHYDMPH3,SEHO,1,2056,1.0
REGION1,SEHYDMPH3,SEHO,1,2057,1.0
REGION1,SEHYDMPH3,SEHO,1,2058,1.0
REGION1,SEHYDMPH3,SEHO,1,2059,1.0
REGION1,SEHYDMPH3,SEHO,1,2060,1.0
REGION1,SEHYDSPH2,SEHO,1,2015,1.0
REGION1,SEHYDSPH2,SEHO,1,2016,1.0
REGION1,SEHYDSPH2,SEHO,1,2017,1.0
REGION1,SEHYDSPH2,SEHO,1,2018,1.0
REGION1,SEHYDSPH2,SEHO,1,2019,1.0
REGION1,SEHYDSPH2,SEHO,1,2020,1.0
REGION1,SEHYDSPH2,SEHO,1,2021,1.0
REGION1,SEHYDSPH2,SEHO,1,2022,1.0
REGION1,SEHYDSPH2,SEHO,1,2023,1.0
REGION1,SEHYDSPH2,SEHO,1,2024,1.0
REGION1,SEHYDSPH2,SEHO,1,2025,1.0
REGION1,SEHYDSPH2,SEHO,1,2026,1.0
REGION1,SEHYDSPH2,SEHO,1,2027,1.0
REGION1,SEHYDSPH2,SEHO,1,2028,1.0
REGION1,SEHYDSPH2,SEHO,1,2029,1.0
REGION1,SEHYDSPH2,SEHO,1,2030,1.0
REGION1,SEHYDSPH2,SEHO,1,2031,1.0
REGION1,SEHYDSPH2,SEHO,1,2032,1.0
REGION1,SEHYDSPH2,SEHO,1,2033,1.0
REGION1,SEHYDSPH2,SEHO,1,2034,1.0
REGION1,SEHYDSPH2,SEHO,1,2035,1.0
REGION1,SEHYDSPH2,SEHO,1,2036,1.0
REGION1,SEHYDSPH2,SEHO,1,2037,1.0
REGION1,SEHYDSPH2,SEHO,1,2038,1.0
REGION1,SEHYDSPH2,SEHO,1,2039,1.0
REGION1,SEHYDSPH2,SEHO,1,2040,1.0
REGION1,SEHYDSPH2,SEHO,1,2041,1.0
REGION1,SEHYDSPH2,SEHO,1,2042,1.0
REGION1,SEHYDSPH2,SEHO,1,2043,1.0
REGION1,SEHYDSPH2,SEHO,1,2044,1.0
REGION1,SEHYDSPH2,SEHO,1,2045,1.0
REGION1,SEHYDSPH2,SEHO,1,2046,1.0
REGION1,SEHYDSPH2,SEHO,1,2047,1.0
REGION1,SEHYDSPH2,SEHO,1,2048,1.0
REGION1,SEHYDSPH2,SEHO,1,2049,1.0
REGION1,SEHYDSPH2,SEHO,1,2050,1.0
REGION1,SEHYDSPH2,SEHO,1,2051,1.0
REGION1,SEHYDSPH2,SEHO,1,2052,1.0
REGION1,SEHYDSPH2,SEHO,1,2053,1.0
REGION1,SEHYDSPH2,SEHO,1,2054,1.0
REGION1,SEHYDSPH2,SEHO,1,2055,1.0
REGION1,SEHYDSPH2,SEHO,1,2056,1.0
REGION1,SEHYDSPH2,SEHO,1,2057,1.0
REGION1,SEHYDSPH2,SEHO,1,2058,1.0
REGION1,SEHYDSPH2,SEHO,1,2059,1.0
REGION1,SEHYDSPH2,SEHO,1,2060,1.0
REGION1,SEHYDSPH3,SEHO,1,2015,1.0
REGION1,SEHYDSPH3,SEHO,1,2016,1.0
REGION1,SEHYDSPH3,SEHO,1,2017,1.0
REGION1,SEHYDSPH3,SEHO,1,2018,1.0
REGION1,SEHYDSPH3,SEHO,1,2019,1.0
REGION1,SEHYDSPH3,SEHO,1,2020,1.0
REGION1,SEHYDSPH3,SEHO,1,2021,1.0
REGION1,SEHYDSPH3,SEHO,1,2022,1.0
REGION1,SEHYDSPH3,SEHO,1,2023,1.0
REGION1,SEHYDSPH3,SEHO,1,2024,1.0
REGION1,SEHYDSPH3,SEHO,1,2025,1.0
REGION1,SEHYDSPH3,SEHO,1,2026,1.0
REGION1,SEHYDSPH3,SEHO,1,2027,1.0
REGION1,SEHYDSPH3,SEHO,1,2028,1.0
REGION1,SEHYDSPH3,SEHO,1,2029,1.0
REGION1,SEHYDSPH3,SEHO,1,2030,1.0
REGION1,SEHYDSPH3,SEHO,1,2031,1.0
REGION1,SEHYDSPH3,SEHO,1,2032,1.0
REGION1,SEHYDSPH3,SEHO,1,2033,1.0
REGION1,SEHYDSPH3,SEHO,1,2034,1.0
REGION1,SEHYDSPH3,SEHO,1,2035,1.0
REGION1,SEHYDSPH3,SEHO,1,2036,1.0
REGION1,SEHYDSPH3,SEHO,1,2037,1.0
REGION1,SEHYDSPH3,SEHO,1,2038,1.0
REGION1,SEHYDSPH3,SEHO,1,2039,1.0
REGION1,SEHYDSPH3,SEHO,1,2040,1.0
REGION1,SEHYDSPH3,SEHO,1,2041,1.0
REGION1,SEHYDSPH3,SEHO,1,2042,1.0
REGION1,SEHYDSPH3,SEHO,1,2043,1.0
REGION1,SEHYDSPH3,SEHO,1,2044,1.0
REGION1,SEHYDSPH3,SEHO,1,2045,1.0
REGION1,SEHYDSPH3,SEHO,1,2046,1.0
REGION1,SEHYDSPH3,SEHO,1,2047,1.0
REGION1,SEHYDSPH3,SEHO,1,2048,1.0
REGION1,SEHYDSPH3,SEHO,1,2049,1.0
REGION1,SEHYDSPH3,SEHO,1,2050,1.0
REGION1,SEHYDSPH3,SEHO,1,2051,1.0
REGION1,SEHYDSPH3,SEHO,1,2052,1.0
REGION1,SEHYDSPH3,SEHO,1,2053,1.0
REGION1,SEHYDSPH3,SEHO,1,2054,1.0
REGION1,SEHYDSPH3,SEHO,1,2055,1.0
REGION1,SEHYDSPH3,SEHO,1,2056,1.0
REGION1,SEHYDSPH3,SEHO,1,2057,1.0
REGION1,SEHYDSPH3,SEHO,1,2058,1.0
REGION1,SEHYDSPH3,SEHO,1,2059,1.0
REGION1,SEHYDSPH3,SEHO,1,2060,1.0
REGION1,SENG00I00,CO2,1,2015,50.29118
REGION1,SENG00I00,CO2,1,2016,50.29118
REGION1,SENG00I00,CO2,1,2017,50.29118
REGION1,SENG00I00,CO2,1,2018,50.29118
REGION1,SENG00I00,CO2,1,2019,50.29118
REGION1,SENG00I00,CO2,1,2020,50.29118
REGION1,SENG00I00,CO2,1,2021,50.29118
REGION1,SENG00I00,CO2,1,2022,50.29118
REGION1,SENG00I00,CO2,1,2023,50.29118
REGION1,SENG00I00,CO2,1,2024,50.29118
REGION1,SENG00I00,CO2,1,2025,50.29118
REGION1,SENG00I00,CO2,1,2026,50.29118
REGION1,SENG00I00,CO2,1,2027,50.29118
REGION1,SENG00I00,CO2,1,2028,50.29118
REGION1,SENG00I00,CO2,1,2029,50.29118
REGION1,SENG00I00,CO2,1,2030,50.29118
REGION1,SENG00I00,CO2,1,2031,50.29118
REGION1,SENG00I00,CO2,1,2032,50.29118
REGION1,SENG00I00,CO2,1,2033,50.29118
REGION1,SENG00I00,CO2,1,2034,50.29118
REGION1,SENG00I00,CO2,1,2035,50.29118
REGION1,SENG00I00,CO2,1,2036,50.29118
REGION1,SENG00I00,CO2,1,2037,50.29118
REGION1,SENG00I00,CO2,1,2038,50.29118
REGION1,SENG00I00,CO2,1,2039,50.29118
REGION1,SENG00I00,CO2,1,2040,50.29118
REGION1,SENG00I00,CO2,1,2041,50.29118
REGION1,SENG00I00,CO2,1,2042,50.29118
REGION1,SENG00I00,CO2,1,2043,50.29118
REGION1,SENG00I00,CO2,1,2044,50.29118
REGION1,SENG00I00,CO2,1,2045,50.29118
REGION1,SENG00I00,CO2,1,2046,50.29118
REGION1,SENG00I00,CO2,1,2047,50.29118
REGION1,SENG00I00,CO2,1,2048,50.29118
REGION1,SENG00I00,CO2,1,2049,50.29118
REGION1,SENG00I00,CO2,1,2050,50.29118
REGION1,SENG00I00,CO2,1,2051,50.29118
REGION1,SENG00I00,CO2,1,2052,50.29118
REGION1,SENG00I00,CO2,1,2053,50.29118
REGION1,SENG00I00,CO2,1,2054,50.29118
REGION1,SENG00I00,CO2,1,2055,50.29118
REGION1,SENG00I00,CO2,1,2056,50.29118
REGION1,SENG00I00,CO2,1,2057,50.29118
REGION1,SENG00I00,CO2,1,2058,50.29118
REGION1,SENG00I00,CO2,1,2059,50.29118
REGION1,SENG00I00,CO2,1,2060,50.29118
REGION1,SENGCCPH2,SEPM25,1,2015,0.0002
REGION1,SENGCCPH2,SEPM25,1,2016,0.0002
REGION1,SENGCCPH2,SEPM25,1,2017,0.0002
REGION1,SENGCCPH2,SEPM25,1,2018,0.0002
REGION1,SENGCCPH2,SEPM25,1,2019,0.0002
REGION1,SENGCCPH2,SEPM25,1,2020,0.0002
REGION1,SENGCCPH2,SEPM25,1,2021,0.0002
REGION1,SENGCCPH2,SEPM25,1,2022,0.0002
REGION1,SENGCCPH2,SEPM25,1,2023,0.0002
REGION1,SENGCCPH2,SEPM25,1,2024,0.0002
REGION1,SENGCCPH2,SEPM25,1,2025,0.0002
REGION1,SENGCCPH2,SEPM25,1,2026,0.0002
REGION1,SENGCCPH2,SEPM25,1,2027,0.0002
REGION1,SENGCCPH2,SEPM25,1,2028,0.0002
REGION1,SENGCCPH2,SEPM25,1,2029,0.0002
REGION1,SENGCCPH2,SEPM25,1,2030,0.0002
REGION1,SENGCCPH2,SEPM25,1,2031,0.0002
REGION1,SENGCCPH2,SEPM25,1,2032,0.0002
REGION1,SENGCCPH2,SEPM25,1,2033,0.0002
REGION1,SENGCCPH2,SEPM25,1,2034,0.0002
REGION1,SENGCCPH2,SEPM25,1,2035,0.0002
REGION1,SENGCCPH2,SEPM25,1,2036,0.0002
REGION1,SENGCCPH2,SEPM25,1,2037,0.0002
REGION1,SENGCCPH2,SEPM25,1,2038,0.0002
REGION1,SENGCCPH2,SEPM25,1,2039,0.0002
REGION1,SENGCCPH2,SEPM25,1,2040,0.0002
REGION1,SENGCCPH2,SEPM25,1,2041,0.0002
REGION1,SENGCCPH2,SEPM25,1,2042,0.0002
REGION1,SENGCCPH2,SEPM25,1,2043,0.0002
REGION1,SENGCCPH2,SEPM25,1,2044,0.0002
REGION1,SENGCCPH2,SEPM25,1,2045,0.0002
REGION1,SENGCCPH2,SEPM25,1,2046,0.0002
REGION1,SENGCCPH2,SEPM25,1,2047,0.0002
REGION1,SENGCCPH2,SEPM25,1,2048,0.0002
REGION1,SENGCCPH2,SEPM25,1,2049,0.0002
REGION1,SENGCCPH2,SEPM25,1,2050,0.0002
REGION1,SENGCCPH2,SEPM25,1,2051,0.0002
REGION1,SENGCCPH2,SEPM25,1,2052,0.0002
REGION1,SENGCCPH2,SEPM25,1,2053,0.0002
REGION1,SENGCCPH2,SEPM25,1,2054,0.0002
REGION1,SENGCCPH2,SEPM25,1,2055,0.0002
REGION1,SENGCCPH2,SEPM25,1,2056,0.0002
REGION1,SENGCCPH2,SEPM25,1,2057,0.0002
REGION1,SENGCCPH2,SEPM25,1,2058,0.0002
REGION1,SENGCCPH2,SEPM25,1,2059,0.0002
REGION1,SENGCCPH2,SEPM25,1,2060,0.0002
REGION1,SENGCHPH3,SEPM25,1,2015,0.0002
REGION1,SENGCHPH3,SEPM25,1,2016,0.0002
REGION1,SENGCHPH3,SEPM25,1,2017,0.0002
REGION1,SENGCHPH3,SEPM25,1,2018,0.0002
REGION1,SENGCHPH3,SEPM25,1,2019,0.0002
REGION1,SENGCHPH3,SEPM25,1,2020,0.0002
REGION1,SENGCHPH3,SEPM25,1,2021,0.0002
REGION1,SENGCHPH3,SEPM25,1,2022,0.0002
REGION1,SENGCHPH3,SEPM25,1,2023,0.0002
REGION1,SENGCHPH3,SEPM25,1,2024,0.0002
REGION1,SENGCHPH3,SEPM25,1,2025,0.0002
REGION1,SENGCHPH3,SEPM25,1,2026,0.0002
REGION1,SENGCHPH3,SEPM25,1,2027,0.0002
REGION1,SENGCHPH3,SEPM25,1,2028,0.0002
REGION1,SENGCHPH3,SEPM25,1,2029,0.0002
REGION1,SENGCHPH3,SEPM25,1,2030,0.0002
REGION1,SENGCHPH3,SEPM25,1,2031,0.0002
REGION1,SENGCHPH3,SEPM25,1,2032,0.0002
REGION1,SENGCHPH3,SEPM25,1,2033,0.0002
REGION1,SENGCHPH3,SEPM25,1,2034,0.0002
REGION1,SENGCHPH3,SEPM25,1,2035,0.0002
REGION1,SENGCHPH3,SEPM25,1,2036,0.0002
REGION1,SENGCHPH3,SEPM25,1,2037,0.0002
REGION1,SENGCHPH3,SEPM25,1,2038,0.0002
REGION1,SENGCHPH3,SEPM25,1,2039,0.0002
REGION1,SENGCHPH3,SEPM25,1,2040,0.0002
REGION1,SENGCHPH3,SEPM25,1,2041,0.0002
REGION1,SENGCHPH3,SEPM25,1,2042,0.0002
REGION1,SENGCHPH3,SEPM25,1,2043,0.0002
REGION1,SENGCHPH3,SEPM25,1,2044,0.0002
REGION1,SENGCHPH3,SEPM25,1,2045,0.0002
REGION1,SENGCHPH3,SEPM25,1,2046,0.0002
REGION1,SENGCHPH3,SEPM25,1,2047,0.0002
REGION1,SENGCHPH3,SEPM25,1,2048,0.0002
REGION1,SENGCHPH3,SEPM25,1,2049,0.0002
REGION1,SENGCHPH3,SEPM25,1,2050,0.0002
REGION1,SENGCHPH3,SEPM25,1,2051,0.0002
REGION1,SENGCHPH3,SEPM25,1,2052,0.0002
REGION1,SENGCHPH3,SEPM25,1,2053,0.0002
REGION1,SENGCHPH3,SEPM25,1,2054,0.0002
REGION1,SENGCHPH3,SEPM25,1,2055,0.0002
REGION1,SENGCHPH3,SEPM25,1,2056,0.0002
REGION1,SENGCHPH3,SEPM25,1,2057,0.0002
REGION1,SENGCHPH3,SEPM25,1,2058,0.0002
REGION1,SENGCHPH3,SEPM25,1,2059,0.0002
REGION1,SENGCHPH3,SEPM25,1,2060,0.0002
REGION1,SENGCHPN3,SEPM25,1,2015,0.0002
REGION1,SENGCHPN3,SEPM25,1,2016,0.0002
REGION1,SENGCHPN3,SEPM25,1,2017,0.0002
REGION1,SENGCHPN3,SEPM25,1,2018,0.0002
REGION1,SENGCHPN3,SEPM25,1,2019,0.0002
REGION1,SENGCHPN3,SEPM25,1,2020,0.0002
REGION1,SENGCHPN3,SEPM25,1,2021,0.0002
REGION1,SENGCHPN3,SEPM25,1,2022,0.0002
REGION1,SENGCHPN3,SEPM25,1,2023,0.0002
REGION1,SENGCHPN3,SEPM25,1,2024,0.0002
REGION1,SENGCHPN3,SEPM25,1,2025,0.0002
REGION1,SENGCHPN3,SEPM25,1,2026,0.0002
REGION1,SENGCHPN3,SEPM25,1,2027,0.0002
REGION1,SENGCHPN3,SEPM25,1,2028,0.0002
REGION1,SENGCHPN3,SEPM25,1,2029,0.0002
REGION1,SENGCHPN3,SEPM25,1,2030,0.0002
REGION1,SENGCHPN3,SEPM25,1,2031,0.0002
REGION1,SENGCHPN3,SEPM25,1,2032,0.0002
REGION1,SENGCHPN3,SEPM25,1,2033,0.0002
REGION1,SENGCHPN3,SEPM25,1,2034,0.0002
REGION1,SENGCHPN3,SEPM25,1,2035,0.0002
REGION1,SENGCHPN3,SEPM25,1,2036,0.0002
REGION1,SENGCHPN3,SEPM25,1,2037,0.0002
REGION1,SENGCHPN3,SEPM25,1,2038,0.0002
REGION1,SENGCHPN3,SEPM25,1,2039,0.0002
REGION1,SENGCHPN3,SEPM25,1,2040,0.0002
REGION1,SENGCHPN3,SEPM25,1,2041,0.0002
REGION1,SENGCHPN3,SEPM25,1,2042,0.0002
REGION1,SENGCHPN3,SEPM25,1,2043,0.0002
REGION1,SENGCHPN3,SEPM25,1,2044,0.0002
REGION1,SENGCHPN3,SEPM25,1,2045,0.0002
REGION1,SENGCHPN3,SEPM25,1,2046,0.0002
REGION1,SENGCHPN3,SEPM25,1,2047,0.0002
REGION1,SENGCHPN3,SEPM25,1,2048,0.0002
REGION1,SENGCHPN3,SEPM25,1,2049,0.0002
REGION1,SENGCHPN3,SEPM25,1,2050,0.0002
REGION1,SENGCHPN3,SEPM25,1,2051,0.0002
REGION1,SENGCHPN3,SEPM25,1,2052,0.0002
REGION1,SENGCHPN3,SEPM25,1,2053,0.0002
REGION1,SENGCHPN3,SEPM25,1,2054,0.0002
REGION1,SENGCHPN3,SEPM25,1,2055,0.0002
REGION1,SENGCHPN3,SEPM25,1,2056,0.0002
REGION1,SENGCHPN3,SEPM25,1,2057,0.0002
REGION1,SENGCHPN3,SEPM25,1,2058,0.0002
REGION1,SENGCHPN3,SEPM25,1,2059,0.0002
REGION1,SENGCHPN3,SEPM25,1,2060,0.0002
REGION1,SENGCSPN2,CO2,1,2015,-101.2564998
REGION1,SENGCSPN2,CO2,1,2016,-100.5903386
REGION1,SENGCSPN2,CO2,1,2017,-99.9241774
REGION1,SENGCSPN2,CO2,1,2018,-99.25801622
REGION1,SENGCSPN2,CO2,1,2019,-98.59185504
REGION1,SENGCSPN2,CO2,1,2020,-97.92569386
REGION1,SENGCSPN2,CO2,1,2021,-97.10964641
REGION1,SENGCSPN2,CO2,1,2022,-96.29359896
REGION1,SENGCSPN2,CO2,1,2023,-95.47755151
REGION1,SENGCSPN2,CO2,1,2024,-94.66150406
REGION1,SENGCSPN2,CO2,1,2025,-93.84545661
REGION1,SENGCSPN2,CO2,1,2026,-93.02940916
REGION1,SENGCSPN2,CO2,1,2027,-92.21336171
REGION1,SENGCSPN2,CO2,1,2028,-91.39731426
REGION1,SENGCSPN2,CO2,1,2029,-90.58126682
REGION1,SENGCSPN2,CO2,1,2030,-89.76521937
REGION1,SENGCSPN2,CO2,1,2031,-89.76521937
REGION1,SENGCSPN2,CO2,1,2032,-89.76521937
REGION1,SENGCSPN2,CO2,1,2033,-89.76521937
REGION1,SENGCSPN2,CO2,1,2034,-89.76521937
REGION1,SENGCSPN2,CO2,1,2035,-89.76521937
REGION1,SENGCSPN2,CO2,1,2036,-89.76521937
REGION1,SENGCSPN2,CO2,1,2037,-89.76521937
REGION1,SENGCSPN2,CO2,1,2038,-89.76521937
REGION1,SENGCSPN2,CO2,1,2039,-89.76521937
REGION1,SENGCSPN2,CO2,1,2040,-89.76521937
REGION1,SENGCSPN2,CO2,1,2041,-89.76521937
REGION1,SENGCSPN2,CO2,1,2042,-89.76521937
REGION1,SENGCSPN2,CO2,1,2043,-89.76521937
REGION1,SENGCSPN2,CO2,1,2044,-89.76521937
REGION1,SENGCSPN2,CO2,1,2045,-89.76521937
REGION1,SENGCSPN2,CO2,1,2046,-89.76521937
REGION1,SENGCSPN2,CO2,1,2047,-89.76521937
REGION1,SENGCSPN2,CO2,1,2048,-89.76521937
REGION1,SENGCSPN2,CO2,1,2049,-89.76521937
REGION1,SENGCSPN2,CO2,1,2050,-89.76521937
REGION1,SENGCSPN2,CO2,1,2051,-89.76521937
REGION1,SENGCSPN2,CO2,1,2052,-89.76521937
REGION1,SENGCSPN2,CO2,1,2053,-89.76521937
REGION1,SENGCSPN2,CO2,1,2054,-89.76521937
REGION1,SENGCSPN2,CO2,1,2055,-89.76521937
REGION1,SENGCSPN2,CO2,1,2056,-89.76521937
REGION1,SENGCSPN2,CO2,1,2057,-89.76521937
REGION1,SENGCSPN2,CO2,1,2058,-89.76521937
REGION1,SENGCSPN2,CO2,1,2059,-89.76521937
REGION1,SENGCSPN2,CO2,1,2060,-89.76521937
REGION1,SENGGCPH2,SEPM25,1,2015,0.0002
REGION1,SENGGCPH2,SEPM25,1,2016,0.0002
REGION1,SENGGCPH2,SEPM25,1,2017,0.0002
REGION1,SENGGCPH2,SEPM25,1,2018,0.0002
REGION1,SENGGCPH2,SEPM25,1,2019,0.0002
REGION1,SENGGCPH2,SEPM25,1,2020,0.0002
REGION1,SENGGCPH2,SEPM25,1,2021,0.0002
REGION1,SENGGCPH2,SEPM25,1,2022,0.0002
REGION1,SENGGCPH2,SEPM25,1,2023,0.0002
REGION1,SENGGCPH2,SEPM25,1,2024,0.0002
REGION1,SENGGCPH2,SEPM25,1,2025,0.0002
REGION1,SENGGCPH2,SEPM25,1,2026,0.0002
REGION1,SENGGCPH2,SEPM25,1,2027,0.0002
REGION1,SENGGCPH2,SEPM25,1,2028,0.0002
REGION1,SENGGCPH2,SEPM25,1,2029,0.0002
REGION1,SENGGCPH2,SEPM25,1,2030,0.0002
REGION1,SENGGCPH2,SEPM25,1,2031,0.0002
REGION1,SENGGCPH2,SEPM25,1,2032,0.0002
REGION1,SENGGCPH2,SEPM25,1,2033,0.0002
REGION1,SENGGCPH2,SEPM25,1,2034,0.0002
REGION1,SENGGCPH2,SEPM25,1,2035,0.0002
REGION1,SENGGCPH2,SEPM25,1,2036,0.0002
REGION1,SENGGCPH2,SEPM25,1,2037,0.0002
REGION1,SENGGCPH2,SEPM25,1,2038,0.0002
REGION1,SENGGCPH2,SEPM25,1,2039,0.0002
REGION1,SENGGCPH2,SEPM25,1,2040,0.0002
REGION1,SENGGCPH2,SEPM25,1,2041,0.0002
REGION1,SENGGCPH2,SEPM25,1,2042,0.0002
REGION1,SENGGCPH2,SEPM25,1,2043,0.0002
REGION1,SENGGCPH2,SEPM25,1,2044,0.0002
REGION1,SENGGCPH2,SEPM25,1,2045,0.0002
REGION1,SENGGCPH2,SEPM25,1,2046,0.0002
REGION1,SENGGCPH2,SEPM25,1,2047,0.0002
REGION1,SENGGCPH2,SEPM25,1,2048,0.0002
REGION1,SENGGCPH2,SEPM25,1,2049,0.0002
REGION1,SENGGCPH2,SEPM25,1,2050,0.0002
REGION1,SENGGCPH2,SEPM25,1,2051,0.0002
REGION1,SENGGCPH2,SEPM25,1,2052,0.0002
REGION1,SENGGCPH2,SEPM25,1,2053,0.0002
REGION1,SENGGCPH2,SEPM25,1,2054,0.0002
REGION1,SENGGCPH2,SEPM25,1,2055,0.0002
REGION1,SENGGCPH2,SEPM25,1,2056,0.0002
REGION1,SENGGCPH2,SEPM25,1,2057,0.0002
REGION1,SENGGCPH2,SEPM25,1,2058,0.0002
REGION1,SENGGCPH2,SEPM25,1,2059,0.0002
REGION1,SENGGCPH2,SEPM25,1,2060,0.0002
REGION1,SENGGCPN2,SEPM25,1,2015,0.0002
REGION1,SENGGCPN2,SEPM25,1,2016,0.0002
REGION1,SENGGCPN2,SEPM25,1,2017,0.0002
REGION1,SENGGCPN2,SEPM25,1,2018,0.0002
REGION1,SENGGCPN2,SEPM25,1,2019,0.0002
REGION1,SENGGCPN2,SEPM25,1,2020,0.0002
REGION1,SENGGCPN2,SEPM25,1,2021,0.0002
REGION1,SENGGCPN2,SEPM25,1,2022,0.0002
REGION1,SENGGCPN2,SEPM25,1,2023,0.0002
REGION1,SENGGCPN2,SEPM25,1,2024,0.0002
REGION1,SENGGCPN2,SEPM25,1,2025,0.0002
REGION1,SENGGCPN2,SEPM25,1,2026,0.0002
REGION1,SENGGCPN2,SEPM25,1,2027,0.0002
REGION1,SENGGCPN2,SEPM25,1,2028,0.0002
REGION1,SENGGCPN2,SEPM25,1,2029,0.0002
REGION1,SENGGCPN2,SEPM25,1,2030,0.0002
REGION1,SENGGCPN2,SEPM25,1,2031,0.0002
REGION1,SENGGCPN2,SEPM25,1,2032,0.0002
REGION1,SENGGCPN2,SEPM25,1,2033,0.0002
REGION1,SENGGCPN2,SEPM25,1,2034,0.0002
REGION1,SENGGCPN2,SEPM25,1,2035,0.0002
REGION1,SENGGCPN2,SEPM25,1,2036,0.0002
REGION1,SENGGCPN2,SEPM25,1,2037,0.0002
REGION1,SENGGCPN2,SEPM25,1,2038,0.0002
REGION1,SENGGCPN2,SEPM25,1,2039,0.0002
REGION1,SENGGCPN2,SEPM25,1,2040,0.0002
REGION1,SENGGCPN2,SEPM25,1,2041,0.0002
REGION1,SENGGCPN2,SEPM25,1,2042,0.0002
REGION1,SENGGCPN2,SEPM25,1,2043,0.0002
REGION1,SENGGCPN2,SEPM25,1,2044,0.0002
REGION1,SENGGCPN2,SEPM25,1,2045,0.0002
REGION1,SENGGCPN2,SEPM25,1,2046,0.0002
REGION1,SENGGCPN2,SEPM25,1,2047,0.0002
REGION1,SENGGCPN2,SEPM25,1,2048,0.0002
REGION1,SENGGCPN2,SEPM25,1,2049,0.0002
REGION1,SENGGCPN2,SEPM25,1,2050,0.0002
REGION1,SENGGCPN2,SEPM25,1,2051,0.0002
REGION1,SENGGCPN2,SEPM25,1,2052,0.0002
REGION1,SENGGCPN2,SEPM25,1,2053,0.0002
REGION1,SENGGCPN2,SEPM25,1,2054,0.0002
REGION1,SENGGCPN2,SEPM25,1,2055,0.0002
REGION1,SENGGCPN2,SEPM25,1,2056,0.0002
REGION1,SENGGCPN2,SEPM25,1,2057,0.0002
REGION1,SENGGCPN2,SEPM25,1,2058,0.0002
REGION1,SENGGCPN2,SEPM25,1,2059,0.0002
REGION1,SENGGCPN2,SEPM25,1,2060,0.0002
REGION1,SENGHPFH1,SEPM25,1,2015,0.002
REGION1,SENGHPFH1,SEPM25,1,2016,0.002
REGION1,SENGHPFH1,SEPM25,1,2017,0.002
REGION1,SENGHPFH1,SEPM25,1,2018,0.002
REGION1,SENGHPFH1,SEPM25,1,2019,0.002
REGION1,SENGHPFH1,SEPM25,1,2020,0.002
REGION1,SENGHPFH1,SEPM25,1,2021,0.002
REGION1,SENGHPFH1,SEPM25,1,2022,0.002
REGION1,SENGHPFH1,SEPM25,1,2023,0.002
REGION1,SENGHPFH1,SEPM25,1,2024,0.002
REGION1,SENGHPFH1,SEPM25,1,2025,0.002
REGION1,SENGHPFH1,SEPM25,1,2026,0.002
REGION1,SENGHPFH1,SEPM25,1,2027,0.002
REGION1,SENGHPFH1,SEPM25,1,2028,0.002
REGION1,SENGHPFH1,SEPM25,1,2029,0.002
REGION1,SENGHPFH1,SEPM25,1,2030,0.002
REGION1,SENGHPFH1,SEPM25,1,2031,0.002
REGION1,SENGHPFH1,SEPM25,1,2032,0.002
REGION1,SENGHPFH1,SEPM25,1,2033,0.002
REGION1,SENGHPFH1,SEPM25,1,2034,0.002
REGION1,SENGHPFH1,SEPM25,1,2035,0.002
REGION1,SENGHPFH1,SEPM25,1,2036,0.002
REGION1,SENGHPFH1,SEPM25,1,2037,0.002
REGION1,SENGHPFH1,SEPM25,1,2038,0.002
REGION1,SENGHPFH1,SEPM25,1,2039,0.002
REGION1,SENGHPFH1,SEPM25,1,2040,0.002
REGION1,SENGHPFH1,SEPM25,1,2041,0.002
REGION1,SENGHPFH1,SEPM25,1,2042,0.002
REGION1,SENGHPFH1,SEPM25,1,2043,0.002
REGION1,SENGHPFH1,SEPM25,1,2044,0.002
REGION1,SENGHPFH1,SEPM25,1,2045,0.002
REGION1,SENGHPFH1,SEPM25,1,2046,0.002
REGION1,SENGHPFH1,SEPM25,1,2047,0.002
REGION1,SENGHPFH1,SEPM25,1,2048,0.002
REGION1,SENGHPFH1,SEPM25,1,2049,0.002
REGION1,SENGHPFH1,SEPM25,1,2050,0.002
REGION1,SENGHPFH1,SEPM25,1,2051,0.002
REGION1,SENGHPFH1,SEPM25,1,2052,0.002
REGION1,SENGHPFH1,SEPM25,1,2053,0.002
REGION1,SENGHPFH1,SEPM25,1,2054,0.002
REGION1,SENGHPFH1,SEPM25,1,2055,0.002
REGION1,SENGHPFH1,SEPM25,1,2056,0.002
REGION1,SENGHPFH1,SEPM25,1,2057,0.002
REGION1,SENGHPFH1,SEPM25,1,2058,0.002
REGION1,SENGHPFH1,SEPM25,1,2059,0.002
REGION1,SENGHPFH1,SEPM25,1,2060,0.002
REGION1,SENGHPPH2,SEPM25,1,2015,0.002
REGION1,SENGHPPH2,SEPM25,1,2016,0.002
REGION1,SENGHPPH2,SEPM25,1,2017,0.002
REGION1,SENGHPPH2,SEPM25,1,2018,0.002
REGION1,SENGHPPH2,SEPM25,1,2019,0.002
REGION1,SENGHPPH2,SEPM25,1,2020,0.002
REGION1,SENGHPPH2,SEPM25,1,2021,0.002
REGION1,SENGHPPH2,SEPM25,1,2022,0.002
REGION1,SENGHPPH2,SEPM25,1,2023,0.002
REGION1,SENGHPPH2,SEPM25,1,2024,0.002
REGION1,SENGHPPH2,SEPM25,1,2025,0.002
REGION1,SENGHPPH2,SEPM25,1,2026,0.002
REGION1,SENGHPPH2,SEPM25,1,2027,0.002
REGION1,SENGHPPH2,SEPM25,1,2028,0.002
REGION1,SENGHPPH2,SEPM25,1,2029,0.002
REGION1,SENGHPPH2,SEPM25,1,2030,0.002
REGION1,SENGHPPH2,SEPM25,1,2031,0.002
REGION1,SENGHPPH2,SEPM25,1,2032,0.002
REGION1,SENGHPPH2,SEPM25,1,2033,0.002
REGION1,SENGHPPH2,SEPM25,1,2034,0.002
REGION1,SENGHPPH2,SEPM25,1,2035,0.002
REGION1,SENGHPPH2,SEPM25,1,2036,0.002
REGION1,SENGHPPH2,SEPM25,1,2037,0.002
REGION1,SENGHPPH2,SEPM25,1,2038,0.002
REGION1,SENGHPPH2,SEPM25,1,2039,0.002
REGION1,SENGHPPH2,SEPM25,1,2040,0.002
REGION1,SENGHPPH2,SEPM25,1,2041,0.002
REGION1,SENGHPPH2,SEPM25,1,2042,0.002
REGION1,SENGHPPH2,SEPM25,1,2043,0.002
REGION1,SENGHPPH2,SEPM25,1,2044,0.002
REGION1,SENGHPPH2,SEPM25,1,2045,0.002
REGION1,SENGHPPH2,SEPM25,1,2046,0.002
REGION1,SENGHPPH2,SEPM25,1,2047,0.002
REGION1,SENGHPPH2,SEPM25,1,2048,0.002
REGION1,SENGHPPH2,SEPM25,1,2049,0.002
REGION1,SENGHPPH2,SEPM25,1,2050,0.002
REGION1,SENGHPPH2,SEPM25,1,2051,0.002
REGION1,SENGHPPH2,SEPM25,1,2052,0.002
REGION1,SENGHPPH2,SEPM25,1,2053,0.002
REGION1,SENGHPPH2,SEPM25,1,2054,0.002
REGION1,SENGHPPH2,SEPM25,1,2055,0.002
REGION1,SENGHPPH2,SEPM25,1,2056,0.002
REGION1,SENGHPPH2,SEPM25,1,2057,0.002
REGION1,SENGHPPH2,SEPM25,1,2058,0.002
REGION1,SENGHPPH2,SEPM25,1,2059,0.002
REGION1,SENGHPPH2,SEPM25,1,2060,0.002
REGION1,SENGSTPH2,SEPM25,1,2015,0.00089
REGION1,SENGSTPH2,SEPM25,1,2016,0.00089
REGION1,SENGSTPH2,SEPM25,1,2017,0.00089
REGION1,SENGSTPH2,SEPM25,1,2018,0.00089
REGION1,SENGSTPH2,SEPM25,1,2019,0.00089
REGION1,SENGSTPH2,SEPM25,1,2020,0.00089
REGION1,SENGSTPH2,SEPM25,1,2021,0.00089
REGION1,SENGSTPH2,SEPM25,1,2022,0.00089
REGION1,SENGSTPH2,SEPM25,1,2023,0.00089
REGION1,SENGSTPH2,SEPM25,1,2024,0.00089
REGION1,SENGSTPH2,SEPM25,1,2025,0.00089
REGION1,SENGSTPH2,SEPM25,1,2026,0.00089
REGION1,SENGSTPH2,SEPM25,1,2027,0.00089
REGION1,SENGSTPH2,SEPM25,1,2028,0.00089
REGION1,SENGSTPH2,SEPM25,1,2029,0.00089
REGION1,SENGSTPH2,SEPM25,1,2030,0.00089
REGION1,SENGSTPH2,SEPM25,1,2031,0.00089
REGION1,SENGSTPH2,SEPM25,1,2032,0.00089
REGION1,SENGSTPH2,SEPM25,1,2033,0.00089
REGION1,SENGSTPH2,SEPM25,1,2034,0.00089
REGION1,SENGSTPH2,SEPM25,1,2035,0.00089
REGION1,SENGSTPH2,SEPM25,1,2036,0.00089
REGION1,SENGSTPH2,SEPM25,1,2037,0.00089
REGION1,SENGSTPH2,SEPM25,1,2038,0.00089
REGION1,SENGSTPH2,SEPM25,1,2039,0.00089
REGION1,SENGSTPH2,SEPM25,1,2040,0.00089
REGION1,SENGSTPH2,SEPM25,1,2041,0.00089
REGION1,SENGSTPH2,SEPM25,1,2042,0.00089
REGION1,SENGSTPH2,SEPM25,1,2043,0.00089
REGION1,SENGSTPH2,SEPM25,1,2044,0.00089
REGION1,SENGSTPH2,SEPM25,1,2045,0.00089
REGION1,SENGSTPH2,SEPM25,1,2046,0.00089
REGION1,SENGSTPH2,SEPM25,1,2047,0.00089
REGION1,SENGSTPH2,SEPM25,1,2048,0.00089
REGION1,SENGSTPH2,SEPM25,1,2049,0.00089
REGION1,SENGSTPH2,SEPM25,1,2050,0.00089
REGION1,SENGSTPH2,SEPM25,1,2051,0.00089
REGION1,SENGSTPH2,SEPM25,1,2052,0.00089
REGION1,SENGSTPH2,SEPM25,1,2053,0.00089
REGION1,SENGSTPH2,SEPM25,1,2054,0.00089
REGION1,SENGSTPH2,SEPM25,1,2055,0.00089
REGION1,SENGSTPH2,SEPM25,1,2056,0.00089
REGION1,SENGSTPH2,SEPM25,1,2057,0.00089
REGION1,SENGSTPH2,SEPM25,1,2058,0.00089
REGION1,SENGSTPH2,SEPM25,1,2059,0.00089
REGION1,SENGSTPH2,SEPM25,1,2060,0.00089
REGION1,SEWIOFPH3,SEWO,1,2015,1.0
REGION1,SEWIOFPH3,SEWO,1,2016,1.0
REGION1,SEWIOFPH3,SEWO,1,2017,1.0
REGION1,SEWIOFPH3,SEWO,1,2018,1.0
REGION1,SEWIOFPH3,SEWO,1,2019,1.0
REGION1,SEWIOFPH3,SEWO,1,2020,1.0
REGION1,SEWIOFPH3,SEWO,1,2021,1.0
REGION1,SEWIOFPH3,SEWO,1,2022,1.0
REGION1,SEWIOFPH3,SEWO,1,2023,1.0
REGION1,SEWIOFPH3,SEWO,1,2024,1.0
REGION1,SEWIOFPH3,SEWO,1,2025,1.0
REGION1,SEWIOFPH3,SEWO,1,2026,1.0
REGION1,SEWIOFPH3,SEWO,1,2027,1.0
REGION1,SEWIOFPH3,SEWO,1,2028,1.0
REGION1,SEWIOFPH3,SEWO,1,2029,1.0
REGION1,SEWIOFPH3,SEWO,1,2030,1.0
REGION1,SEWIOFPH3,SEWO,1,2031,1.0
REGION1,SEWIOFPH3,SEWO,1,2032,1.0
REGION1,SEWIOFPH3,SEWO,1,2033,1.0
REGION1,SEWIOFPH3,SEWO,1,2034,1.0
REGION1,SEWIOFPH3,SEWO,1,2035,1.0
REGION1,SEWIOFPH3,SEWO,1,2036,1.0
REGION1,SEWIOFPH3,SEWO,1,2037,1.0
REGION1,SEWIOFPH3,SEWO,1,2038,1.0
REGION1,SEWIOFPH3,SEWO,1,2039,1.0
REGION1,SEWIOFPH3,SEWO,1,2040,1.0
REGION1,SEWIOFPH3,SEWO,1,2041,1.0
REGION1,SEWIOFPH3,SEWO,1,2042,1.0
REGION1,SEWIOFPH3,SEWO,1,2043,1.0
REGION1,SEWIOFPH3,SEWO,1,2044,1.0
REGION1,SEWIOFPH3,SEWO,1,2045,1.0
REGION1,SEWIOFPH3,SEWO,1,2046,1.0
REGION1,SEWIOFPH3,SEWO,1,2047,1.0
REGION1,SEWIOFPH3,SEWO,1,2048,1.0
REGION1,SEWIOFPH3,SEWO,1,2049,1.0
REGION1,SEWIOFPH3,SEWO,1,2050,1.0
REGION1,SEWIOFPH3,SEWO,1,2051,1.0
REGION1,SEWIOFPH3,SEWO,1,2052,1.0
REGION1,SEWIOFPH3,SEWO,1,2053,1.0
REGION1,SEWIOFPH3,SEWO,1,2054,1.0
REGION1,SEWIOFPH3,SEWO,1,2055,1.0
REGION1,SEWIOFPH3,SEWO,1,2056,1.0
REGION1,SEWIOFPH3,SEWO,1,2057,1.0
REGION1,SEWIOFPH3,SEWO,1,2058,1.0
REGION1,SEWIOFPH3,SEWO,1,2059,1.0
REGION1,SEWIOFPH3,SEWO,1,2060,1.0
REGION1,SEWIOFPN2,SEWO,1,2015,1.0
REGION1,SEWIOFPN2,SEWO,1,2016,1.0
REGION1,SEWIOFPN2,SEWO,1,2017,1.0
REGION1,SEWIOFPN2,SEWO,1,2018,1.0
REGION1,SEWIOFPN2,SEWO,1,2019,1.0
REGION1,SEWIOFPN2,SEWO,1,2020,1.0
REGION1,SEWIOFPN2,SEWO,1,2021,1.0
REGION1,SEWIOFPN2,SEWO,1,2022,1.0
REGION1,SEWIOFPN2,SEWO,1,2023,1.0
REGION1,SEWIOFPN2,SEWO,1,2024,1.0
REGION1,SEWIOFPN2,SEWO,1,2025,1.0
REGION1,SEWIOFPN2,SEWO,1,2026,1.0
REGION1,SEWIOFPN2,SEWO,1,2027,1.0
REGION1,SEWIOFPN2,SEWO,1,2028,1.0
REGION1,SEWIOFPN2,SEWO,1,2029,1.0
REGION1,SEWIOFPN2,SEWO,1,2030,1.0
REGION1,SEWIOFPN2,SEWO,1,2031,1.0
REGION1,SEWIOFPN2,SEWO,1,2032,1.0
REGION1,SEWIOFPN2,SEWO,1,2033,1.0
REGION1,SEWIOFPN2,SEWO,1,2034,1.0
REGION1,SEWIOFPN2,SEWO,1,2035,1.0
REGION1,SEWIOFPN2,SEWO,1,2036,1.0
REGION1,SEWIOFPN2,SEWO,1,2037,1.0
REGION1,SEWIOFPN2,SEWO,1,2038,1.0
REGION1,SEWIOFPN2,SEWO,1,2039,1.0
REGION1,SEWIOFPN2,SEWO,1,2040,1.0
REGION1,SEWIOFPN2,SEWO,1,2041,1.0
REGION1,SEWIOFPN2,SEWO,1,2042,1.0
REGION1,SEWIOFPN2,SEWO,1,2043,1.0
REGION1,SEWIOFPN2,SEWO,1,2044,1.0
REGION1,SEWIOFPN2,SEWO,1,2045,1.0
REGION1,SEWIOFPN2,SEWO,1,2046,1.0
REGION1,SEWIOFPN2,SEWO,1,2047,1.0
REGION1,SEWIOFPN2,SEWO,1,2048,1.0
REGION1,SEWIOFPN2,SEWO,1,2049,1.0
REGION1,SEWIOFPN2,SEWO,1,2050,1.0
REGION1,SEWIOFPN2,SEWO,1,2051,1.0
REGION1,SEWIOFPN2,SEWO,1,2052,1.0
REGION1,SEWIOFPN2,SEWO,1,2053,1.0
REGION1,SEWIOFPN2,SEWO,1,2054,1.0
REGION1,SEWIOFPN2,SEWO,1,2055,1.0
REGION1,SEWIOFPN2,SEWO,1,2056,1.0
REGION1,SEWIOFPN2,SEWO,1,2057,1.0
REGION1,SEWIOFPN2,SEWO,1,2058,1.0
REGION1,SEWIOFPN2,SEWO,1,2059,1.0
REGION1,SEWIOFPN2,SEWO,1,2060,1.0
REGION1,SEWIOFPN3,SEWO,1,2015,1.0
REGION1,SEWIOFPN3,SEWO,1,2016,1.0
REGION1,SEWIOFPN3,SEWO,1,2017,1.0
REGION1,SEWIOFPN3,SEWO,1,2018,1.0
REGION1,SEWIOFPN3,SEWO,1,2019,1.0
REGION1,SEWIOFPN3,SEWO,1,2020,1.0
REGION1,SEWIOFPN3,SEWO,1,2021,1.0
REGION1,SEWIOFPN3,SEWO,1,2022,1.0
REGION1,SEWIOFPN3,SEWO,1,2023,1.0
REGION1,SEWIOFPN3,SEWO,1,2024,1.0
REGION1,SEWIOFPN3,SEWO,1,2025,1.0
REGION1,SEWIOFPN3,SEWO,1,2026,1.0
REGION1,SEWIOFPN3,SEWO,1,2027,1.0
REGION1,SEWIOFPN3,SEWO,1,2028,1.0
REGION1,SEWIOFPN3,SEWO,1,2029,1.0
REGION1,SEWIOFPN3,SEWO,1,2030,1.0
REGION1,SEWIOFPN3,SEWO,1,2031,1.0
REGION1,SEWIOFPN3,SEWO,1,2032,1.0
REGION1,SEWIOFPN3,SEWO,1,2033,1.0
REGION1,SEWIOFPN3,SEWO,1,2034,1.0
REGION1,SEWIOFPN3,SEWO,1,2035,1.0
REGION1,SEWIOFPN3,SEWO,1,2036,1.0
REGION1,SEWIOFPN3,SEWO,1,2037,1.0
REGION1,SEWIOFPN3,SEWO,1,2038,1.0
REGION1,SEWIOFPN3,SEWO,1,2039,1.0
REGION1,SEWIOFPN3,SEWO,1,2040,1.0
REGION1,SEWIOFPN3,SEWO,1,2041,1.0
REGION1,SEWIOFPN3,SEWO,1,2042,1.0
REGION1,SEWIOFPN3,SEWO,1,2043,1.0
REGION1,SEWIOFPN3,SEWO,1,2044,1.0
REGION1,SEWIOFPN3,SEWO,1,2045,1.0
REGION1,SEWIOFPN3,SEWO,1,2046,1.0
REGION1,SEWIOFPN3,SEWO,1,2047,1.0
REGION1,SEWIOFPN3,SEWO,1,2048,1.0
REGION1,SEWIOFPN3,SEWO,1,2049,1.0
REGION1,SEWIOFPN3,SEWO,1,2050,1.0
REGION1,SEWIOFPN3,SEWO,1,2051,1.0
REGION1,SEWIOFPN3,SEWO,1,2052,1.0
REGION1,SEWIOFPN3,SEWO,1,2053,1.0
REGION1,SEWIOFPN3,SEWO,1,2054,1.0
REGION1,SEWIOFPN3,SEWO,1,2055,1.0
REGION1,SEWIOFPN3,SEWO,1,2056,1.0
REGION1,SEWIOFPN3,SEWO,1,2057,1.0
REGION1,SEWIOFPN3,SEWO,1,2058,1.0
REGION1,SEWIOFPN3,SEWO,1,2059,1.0
REGION1,SEWIOFPN3,SEWO,1,2060,1.0
REGION1,SEWIONPH3,SEWI,1,2015,1.0
REGION1,SEWIONPH3,SEWI,1,2016,1.0
REGION1,SEWIONPH3,SEWI,1,2017,1.0
REGION1,SEWIONPH3,SEWI,1,2018,1.0
REGION1,SEWIONPH3,SEWI,1,2019,1.0
REGION1,SEWIONPH3,SEWI,1,2020,1.0
REGION1,SEWIONPH3,SEWI,1,2021,1.0
REGION1,SEWIONPH3,SEWI,1,2022,1.0
REGION1,SEWIONPH3,SEWI,1,2023,1.0
REGION1,SEWIONPH3,SEWI,1,2024,1.0
REGION1,SEWIONPH3,SEWI,1,2025,1.0
REGION1,SEWIONPH3,SEWI,1,2026,1.0
REGION1,SEWIONPH3,SEWI,1,2027,1.0
REGION1,SEWIONPH3,SEWI,1,2028,1.0
REGION1,SEWIONPH3,SEWI,1,2029,1.0
REGION1,SEWIONPH3,SEWI,1,2030,1.0
REGION1,SEWIONPH3,SEWI,1,2031,1.0
REGION1,SEWIONPH3,SEWI,1,2032,1.0
REGION1,SEWIONPH3,SEWI,1,2033,1.0
REGION1,SEWIONPH3,SEWI,1,2034,1.0
REGION1,SEWIONPH3,SEWI,1,2035,1.0
REGION1,SEWIONPH3,SEWI,1,2036,1.0
REGION1,SEWIONPH3,SEWI,1,2037,1.0
REGION1,SEWIONPH3,SEWI,1,2038,1.0
REGION1,SEWIONPH3,SEWI,1,2039,1.0
REGION1,SEWIONPH3,SEWI,1,2040,1.0
REGION1,SEWIONPH3,SEWI,1,2041,1.0
REGION1,SEWIONPH3,SEWI,1,2042,1.0
REGION1,SEWIONPH3,SEWI,1,2043,1.0
REGION1,SEWIONPH3,SEWI,1,2044,1.0
REGION1,SEWIONPH3,SEWI,1,2045,1.0
REGION1,SEWIONPH3,SEWI,1,2046,1.0
REGION1,SEWIONPH3,SEWI,1,2047,1.0
REGION1,SEWIONPH3,SEWI,1,2048,1.0
REGION1,SEWIONPH3,SEWI,1,2049,1.0
REGION1,SEWIONPH3,SEWI,1,2050,1.0
REGION1,SEWIONPH3,SEWI,1,2051,1.0
REGION1,SEWIONPH3,SEWI,1,2052,1.0
REGION1,SEWIONPH3,SEWI,1,2053,1.0
REGION1,SEWIONPH3,SEWI,1,2054,1.0
REGION1,SEWIONPH3,SEWI,1,2055,1.0
REGION1,SEWIONPH3,SEWI,1,2056,1.0
REGION1,SEWIONPH3,SEWI,1,2057,1.0
REGION1,SEWIONPH3,SEWI,1,2058,1.0
REGION1,SEWIONPH3,SEWI,1,2059,1.0
REGION1,SEWIONPH3,SEWI,1,2060,1.0
REGION1,SEWIONPN3,SEWI,1,2015,1.0
REGION1,SEWIONPN3,SEWI,1,2016,1.0
REGION1,SEWIONPN3,SEWI,1,2017,1.0
REGION1,SEWIONPN3,SEWI,1,2018,1.0
REGION1,SEWIONPN3,SEWI,1,2019,1.0
REGION1,SEWIONPN3,SEWI,1,2020,1.0
REGION1,SEWIONPN3,SEWI,1,2021,1.0
REGION1,SEWIONPN3,SEWI,1,2022,1.0
REGION1,SEWIONPN3,SEWI,1,2023,1.0
REGION1,SEWIONPN3,SEWI,1,2024,1.0
REGION1,SEWIONPN3,SEWI,1,2025,1.0
REGION1,SEWIONPN3,SEWI,1,2026,1.0
REGION1,SEWIONPN3,SEWI,1,2027,1.0
REGION1,SEWIONPN3,SEWI,1,2028,1.0
REGION1,SEWIONPN3,SEWI,1,2029,1.0
REGION1,SEWIONPN3,SEWI,1,2030,1.0
REGION1,SEWIONPN3,SEWI,1,2031,1.0
REGION1,SEWIONPN3,SEWI,1,2032,1.0
REGION1,SEWIONPN3,SEWI,1,2033,1.0
REGION1,SEWIONPN3,SEWI,1,2034,1.0
REGION1,SEWIONPN3,SEWI,1,2035,1.0
REGION1,SEWIONPN3,SEWI,1,2036,1.0
REGION1,SEWIONPN3,SEWI,1,2037,1.0
REGION1,SEWIONPN3,SEWI,1,2038,1.0
REGION1,SEWIONPN3,SEWI,1,2039,1.0
REGION1,SEWIONPN3,SEWI,1,2040,1.0
REGION1,SEWIONPN3,SEWI,1,2041,1.0
REGION1,SEWIONPN3,SEWI,1,2042,1.0
REGION1,SEWIONPN3,SEWI,1,2043,1.0
REGION1,SEWIONPN3,SEWI,1,2044,1.0
REGION1,SEWIONPN3,SEWI,1,2045,1.0
REGION1,SEWIONPN3,SEWI,1,2046,1.0
REGION1,SEWIONPN3,SEWI,1,2047,1.0
REGION1,SEWIONPN3,SEWI,1,2048,1.0
REGION1,SEWIONPN3,SEWI,1,2049,1.0
REGION1,SEWIONPN3,SEWI,1,2050,1.0
REGION1,SEWIONPN3,SEWI,1,2051,1.0
REGION1,SEWIONPN3,SEWI,1,2052,1.0
REGION1,SEWIONPN3,SEWI,1,2053,1.0
REGION1,SEWIONPN3,SEWI,1,2054,1.0
REGION1,SEWIONPN3,SEWI,1,2055,1.0
REGION1,SEWIONPN3,SEWI,1,2056,1.0
REGION1,SEWIONPN3,SEWI,1,2057,1.0
REGION1,SEWIONPN3,SEWI,1,2058,1.0
REGION1,SEWIONPN3,SEWI,1,2059,1.0
REGION1,SEWIONPN3,SEWI,1,2060,1.0
REGION1,SEWS00X00,SEPM25,1,2015,0.000743386
REGION1,SEWS00X00,SEPM25,1,2016,0.000743386
REGION1,SEWS00X00,SEPM25,1,2017,0.000743386
REGION1,SEWS00X00,SEPM25,1,2018,0.000743386
REGION1,SEWS00X00,SEPM25,1,2019,0.000743386
REGION1,SEWS00X00,SEPM25,1,2020,0.000743386
REGION1,SEWS00X00,SEPM25,1,2021,0.000743386
REGION1,SEWS00X00,SEPM25,1,2022,0.000743386
REGION1,SEWS00X00,SEPM25,1,2023,0.000743386
REGION1,SEWS00X00,SEPM25,1,2024,0.000743386
REGION1,SEWS00X00,SEPM25,1,2025,0.000743386
REGION1,SEWS00X00,SEPM25,1,2026,0.000743386
REGION1,SEWS00X00,SEPM25,1,2027,0.000743386
REGION1,SEWS00X00,SEPM25,1,2028,0.000743386
REGION1,SEWS00X00,SEPM25,1,2029,0.000743386
REGION1,SEWS00X00,SEPM25,1,2030,0.000743386
REGION1,SEWS00X00,SEPM25,1,2031,0.000743386
REGION1,SEWS00X00,SEPM25,1,2032,0.000743386
REGION1,SEWS00X00,SEPM25,1,2033,0.000743386
REGION1,SEWS00X00,SEPM25,1,2034,0.000743386
REGION1,SEWS00X00,SEPM25,1,2035,0.000743386
REGION1,SEWS00X00,SEPM25,1,2036,0.000743386
REGION1,SEWS00X00,SEPM25,1,2037,0.000743386
REGION1,SEWS00X00,SEPM25,1,2038,0.000743386
REGION1,SEWS00X00,SEPM25,1,2039,0.000743386
REGION1,SEWS00X00,SEPM25,1,2040,0.000743386
REGION1,SEWS00X00,SEPM25,1,2041,0.000743386
REGION1,SEWS00X00,SEPM25,1,2042,0.000743386
REGION1,SEWS00X00,SEPM25,1,2043,0.000743386
REGION1,SEWS00X00,SEPM25,1,2044,0.000743386
REGION1,SEWS00X00,SEPM25,1,2045,0.000743386
REGION1,SEWS00X00,SEPM25,1,2046,0.000743386
REGION1,SEWS00X00,SEPM25,1,2047,0.000743386
REGION1,SEWS00X00,SEPM25,1,2048,0.000743386
REGION1,SEWS00X00,SEPM25,1,2049,0.000743386
REGION1,SEWS00X00,SEPM25,1,2050,0.000743386
REGION1,SEWS00X00,SEPM25,1,2051,0.000743386
REGION1,SEWS00X00,SEPM25,1,2052,0.000743386
REGION1,SEWS00X00,SEPM25,1,2053,0.000743386
REGION1,SEWS00X00,SEPM25,1,2054,0.000743386
REGION1,SEWS00X00,SEPM25,1,2055,0.000743386
REGION1,SEWS00X00,SEPM25,1,2056,0.000743386
REGION1,SEWS00X00,SEPM25,1,2057,0.000743386
REGION1,SEWS00X00,SEPM25,1,2058,0.000743386
REGION1,SEWS00X00,SEPM25,1,2059,0.000743386
REGION1,SEWS00X00,SEPM25,1,2060,0.000743386
REGION1,SESODIFH1,SESO,1,2015,1.0
REGION1,SESODIFH1,SESO,1,2016,1.0
REGION1,SESODIFH1,SESO,1,2017,1.0
REGION1,SESODIFH1,SESO,1,2018,1.0
REGION1,SESODIFH1,SESO,1,2019,1.0
REGION1,SESODIFH1,SESO,1,2020,1.0
REGION1,SESODIFH1,SESO,1,2021,1.0
REGION1,SESODIFH1,SESO,1,2022,1.0
REGION1,SESODIFH1,SESO,1,2023,1.0
REGION1,SESODIFH1,SESO,1,2024,1.0
REGION1,SESODIFH1,SESO,1,2025,1.0
REGION1,SESODIFH1,SESO,1,2026,1.0
REGION1,SESODIFH1,SESO,1,2027,1.0
REGION1,SESODIFH1,SESO,1,2028,1.0
REGION1,SESODIFH1,SESO,1,2029,1.0
REGION1,SESODIFH1,SESO,1,2030,1.0
REGION1,SESODIFH1,SESO,1,2031,1.0
REGION1,SESODIFH1,SESO,1,2032,1.0
REGION1,SESODIFH1,SESO,1,2033,1.0
REGION1,SESODIFH1,SESO,1,2034,1.0
REGION1,SESODIFH1,SESO,1,2035,1.0
REGION1,SESODIFH1,SESO,1,2036,1.0
REGION1,SESODIFH1,SESO,1,2037,1.0
REGION1,SESODIFH1,SESO,1,2038,1.0
REGION1,SESODIFH1,SESO,1,2039,1.0
REGION1,SESODIFH1,SESO,1,2040,1.0
REGION1,SESODIFH1,SESO,1,2041,1.0
REGION1,SESODIFH1,SESO,1,2042,1.0
REGION1,SESODIFH1,SESO,1,2043,1.0
REGION1,SESODIFH1,SESO,1,2044,1.0
REGION1,SESODIFH1,SESO,1,2045,1.0
REGION1,SESODIFH1,SESO,1,2046,1.0
REGION1,SESODIFH1,SESO,1,2047,1.0
REGION1,SESODIFH1,SESO,1,2048,1.0
REGION1,SESODIFH1,SESO,1,2049,1.0
REGION1,SESODIFH1,SESO,1,2050,1.0
REGION1,SESODIFH1,SESO,1,2051,1.0
REGION1,SESODIFH1,SESO,1,2052,1.0
REGION1,SESODIFH1,SESO,1,2053,1.0
REGION1,SESODIFH1,SESO,1,2054,1.0
REGION1,SESODIFH1,SESO,1,2055,1.0
REGION1,SESODIFH1,SESO,1,2056,1.0
REGION1,SESODIFH1,SESO,1,2057,1.0
REGION1,SESODIFH1,SESO,1,2058,1.0
REGION1,SESODIFH1,SESO,1,2059,1.0
REGION1,SESODIFH1,SESO,1,2060,1.0
REGION1,SESOUTPH2,SESO,1,2015,1.0
REGION1,SESOUTPH2,SESO,1,2016,1.0
REGION1,SESOUTPH2,SESO,1,2017,1.0
REGION1,SESOUTPH2,SESO,1,2018,1.0
REGION1,SESOUTPH2,SESO,1,2019,1.0
REGION1,SESOUTPH2,SESO,1,2020,1.0
REGION1,SESOUTPH2,SESO,1,2021,1.0
REGION1,SESOUTPH2,SESO,1,2022,1.0
REGION1,SESOUTPH2,SESO,1,2023,1.0
REGION1,SESOUTPH2,SESO,1,2024,1.0
REGION1,SESOUTPH2,SESO,1,2025,1.0
REGION1,SESOUTPH2,SESO,1,2026,1.0
REGION1,SESOUTPH2,SESO,1,2027,1.0
REGION1,SESOUTPH2,SESO,1,2028,1.0
REGION1,SESOUTPH2,SESO,1,2029,1.0
REGION1,SESOUTPH2,SESO,1,2030,1.0
REGION1,SESOUTPH2,SESO,1,2031,1.0
REGION1,SESOUTPH2,SESO,1,2032,1.0
REGION1,SESOUTPH2,SESO,1,2033,1.0
REGION1,SESOUTPH2,SESO,1,2034,1.0
REGION1,SESOUTPH2,SESO,1,2035,1.0
REGION1,SESOUTPH2,SESO,1,2036,1.0
REGION1,SESOUTPH2,SESO,1,2037,1.0
REGION1,SESOUTPH2,SESO,1,2038,1.0
REGION1,SESOUTPH2,SESO,1,2039,1.0
REGION1,SESOUTPH2,SESO,1,2040,1.0
REGION1,SESOUTPH2,SESO,1,2041,1.0
REGION1,SESOUTPH2,SESO,1,2042,1.0
REGION1,SESOUTPH2,SESO,1,2043,1.0
REGION1,SESOUTPH2,SESO,1,2044,1.0
REGION1,SESOUTPH2,SESO,1,2045,1.0
REGION1,SESOUTPH2,SESO,1,2046,1.0
REGION1,SESOUTPH2,SESO,1,2047,1.0
REGION1,SESOUTPH2,SESO,1,2048,1.0
REGION1,SESOUTPH2,SESO,1,2049,1.0
REGION1,SESOUTPH2,SESO,1,2050,1.0
REGION1,SESOUTPH2,SESO,1,2051,1.0
REGION1,SESOUTPH2,SESO,1,2052,1.0
REGION1,SESOUTPH2,SESO,1,2053,1.0
REGION1,SESOUTPH2,SESO,1,2054,1.0
REGION1,SESOUTPH2,SESO,1,2055,1.0
REGION1,SESOUTPH2,SESO,1,2056,1.0
REGION1,SESOUTPH2,SESO,1,2057,1.0
REGION1,SESOUTPH2,SESO,1,2058,1.0
REGION1,SESOUTPH2,SESO,1,2059,1.0
REGION1,SESOUTPH2,SESO,1,2060,1.0
REGION1,SEstCO001,CO2,1,2015,0.00200
REGION1,SEstCO001,CO2,1,2016,0.00200
REGION1,SEstCO001,CO2,1,2017,0.00200
REGION1,SEstCO001,CO2,1,2018,0.00200
REGION1,SEstCO001,CO2,1,2019,0.00200
REGION1,SEstCO001,CO2,1,2020,0.00200
REGION1,SEstCO001,CO2,1,2021,0.00200
REGION1,SEstCO001,CO2,1,2022,0.00200
REGION1,SEstCO001,CO2,1,2023,0.00200
REGION1,SEstCO001,CO2,1,2024,0.00200
REGION1,SEstCO001,CO2,1,2025,0.00200
REGION1,SEstCO001,CO2,1,2026,0.00200
REGION1,SEstCO001,CO2,1,2027,0.00200
REGION1,SEstCO001,CO2,1,2028,0.00200
REGION1,SEstCO001,CO2,1,2029,0.00200
REGION1,SEstCO001,CO2,1,2030,0.00200
REGION1,SEstCO001,CO2,1,2031,0.00200
REGION1,SEstCO001,CO2,1,2032,0.00200
REGION1,SEstCO001,CO2,1,2033,0.00200
REGION1,SEstCO001,CO2,1,2034,0.00200
REGION1,SEstCO001,CO2,1,2035,0.00200
REGION1,SEstCO001,CO2,1,2036,0.00200
REGION1,SEstCO001,CO2,1,2037,0.00200
REGION1,SEstCO001,CO2,1,2038,0.00200
REGION1,SEstCO001,CO2,1,2039,0.00200
REGION1,SEstCO001,CO2,1,2040,0.00200
REGION1,SEstCO001,CO2,1,2041,0.00200
REGION1,SEstCO001,CO2,1,2042,0.00200
REGION1,SEstCO001,CO2,1,2043,0.00200
REGION1,SEstCO001,CO2,1,2044,0.00200
REGION1,SEstCO001,CO2,1,2045,0.00200
REGION1,SEstCO001,CO2,1,2046,0.00200
REGION1,SEstCO001,CO2,1,2047,0.00200
REGION1,SEstCO001,CO2,1,2048,0.00200
REGION1,SEstCO001,CO2,1,2049,0.00200
REGION1,SEstCO001,CO2,1,2050,0.00200
REGION1,SEstCO001,CO2,1,2051,0.00200
REGION1,SEstCO001,CO2,1,2052,0.00200
REGION1,SEstCO001,CO2,1,2053,0.00200
REGION1,SEstCO001,CO2,1,2054,0.00200
REGION1,SEstCO001,CO2,1,2055,0.00200
REGION1,SEstCO001,CO2,1,2056,0.00200
REGION1,SEstCO001,CO2,1,2057,0.00200
REGION1,SEstCO001,CO2,1,2058,0.00200
REGION1,SEstCO001,CO2,1,2059,0.00200
REGION1,SEstCO001,CO2,1,2060,0.00200
REGION1,SEstTG002,CO2,1,2015,0.001710
REGION1,SEstTG002,CO2,1,2016,0.001710
REGION1,SEstTG002,CO2,1,2017,0.001710
REGION1,SEstTG002,CO2,1,2018,0.001710
REGION1,SEstTG002,CO2,1,2019,0.001710
REGION1,SEstTG002,CO2,1,2020,0.001710
REGION1,SEstTG002,CO2,1,2021,0.001710
REGION1,SEstTG002,CO2,1,2022,0.001710
REGION1,SEstTG002,CO2,1,2023,0.001710
REGION1,SEstTG002,CO2,1,2024,0.001710
REGION1,SEstTG002,CO2,1,2025,0.001710
REGION1,SEstTG002,CO2,1,2026,0.001710
REGION1,SEstTG002,CO2,1,2027,0.001710
REGION1,SEstTG002,CO2,1,2028,0.001710
REGION1,SEstTG002,CO2,1,2029,0.001710
REGION1,SEstTG002,CO2,1,2030,0.001710
REGION1,SEstTG002,CO2,1,2031,0.001710
REGION1,SEstTG002,CO2,1,2032,0.001710
REGION1,SEstTG002,CO2,1,2033,0.001710
REGION1,SEstTG002,CO2,1,2034,0.001710
REGION1,SEstTG002,CO2,1,2035,0.001710
REGION1,SEstTG002,CO2,1,2036,0.001710
REGION1,SEstTG002,CO2,1,2037,0.001710
REGION1,SEstTG002,CO2,1,2038,0.001710
REGION1,SEstTG002,CO2,1,2039,0.001710
REGION1,SEstTG002,CO2,1,2040,0.001710
REGION1,SEstTG002,CO2,1,2041,0.001710
REGION1,SEstTG002,CO2,1,2042,0.001710
REGION1,SEstTG002,CO2,1,2043,0.001710
REGION1,SEstTG002,CO2,1,2044,0.001710
REGION1,SEstTG002,CO2,1,2045,0.001710
REGION1,SEstTG002,CO2,1,2046,0.001710
REGION1,SEstTG002,CO2,1,2047,0.001710
REGION1,SEstTG002,CO2,1,2048,0.001710
REGION1,SEstTG002,CO2,1,2049,0.001710
REGION1,SEstTG002,CO2,1,2050,0.001710
REGION1,SEstTG002,CO2,1,2051,0.001710
REGION1,SEstTG002,CO2,1,2052,0.001710
REGION1,SEstTG002,CO2,1,2053,0.001710
REGION1,SEstTG002,CO2,1,2054,0.001710
REGION1,SEstTG002,CO2,1,2055,0.001710
REGION1,SEstTG002,CO2,1,2056,0.001710
REGION1,SEstTG002,CO2,1,2057,0.001710
REGION1,SEstTG002,CO2,1,2058,0.001710
REGION1,SEstTG002,CO2,1,2059,0.001710
REGION1,SEstTG002,CO2,1,2060,0.001710
REGION1,SEstHY003,CO2,1,2015,0.000025
REGION1,SEstHY003,CO2,1,2016,0.000025
REGION1,SEstHY003,CO2,1,2017,0.000025
REGION1,SEstHY003,CO2,1,2018,0.000025
REGION1,SEstHY003,CO2,1,2019,0.000025
REGION1,SEstHY003,CO2,1,2020,0.000025
REGION1,SEstHY003,CO2,1,2021,0.000025
REGION1,SEstHY003,CO2,1,2022,0.000025
REGION1,SEstHY003,CO2,1,2023,0.000025
REGION1,SEstHY003,CO2,1,2024,0.000025
REGION1,SEstHY003,CO2,1,2025,0.000025
REGION1,SEstHY003,CO2,1,2026,0.000025
REGION1,SEstHY003,CO2,1,2027,0.000025
REGION1,SEstHY003,CO2,1,2028,0.000025
REGION1,SEstHY003,CO2,1,2029,0.000025
REGION1,SEstHY003,CO2,1,2030,0.000025
REGION1,SEstHY003,CO2,1,2031,0.000025
REGION1,SEstHY003,CO2,1,2032,0.000025
REGION1,SEstHY003,CO2,1,2033,0.000025
REGION1,SEstHY003,CO2,1,2034,0.000025
REGION1,SEstHY003,CO2,1,2035,0.000025
REGION1,SEstHY003,CO2,1,2036,0.000025
REGION1,SEstHY003,CO2,1,2037,0.000025
REGION1,SEstHY003,CO2,1,2038,0.000025
REGION1,SEstHY003,CO2,1,2039,0.000025
REGION1,SEstHY003,CO2,1,2040,0.000025
REGION1,SEstHY003,CO2,1,2041,0.000025
REGION1,SEstHY003,CO2,1,2042,0.000025
REGION1,SEstHY003,CO2,1,2043,0.000025
REGION1,SEstHY003,CO2,1,2044,0.000025
REGION1,SEstHY003,CO2,1,2045,0.000025
REGION1,SEstHY003,CO2,1,2046,0.000025
REGION1,SEstHY003,CO2,1,2047,0.000025
REGION1,SEstHY003,CO2,1,2048,0.000025
REGION1,SEstHY003,CO2,1,2049,0.000025
REGION1,SEstHY003,CO2,1,2050,0.000025
REGION1,SEstHY003,CO2,1,2051,0.000025
REGION1,SEstHY003,CO2,1,2052,0.000025
REGION1,SEstHY003,CO2,1,2053,0.000025
REGION1,SEstHY003,CO2,1,2054,0.000025
REGION1,SEstHY003,CO2,1,2055,0.000025
REGION1,SEstHY003,CO2,1,2056,0.000025
REGION1,SEstHY003,CO2,1,2057,0.000025
REGION1,SEstHY003,CO2,1,2058,0.000025
REGION1,SEstHY003,CO2,1,2059,0.000025
REGION1,SEstHY003,CO2,1,2060,0.000025