REGION,TECHNOLOGY,FUEL,MODE_OF_OPERATION,YEAR,VALUE
REGION1,SEBFHPFH1,SEBF,1,2015,1.538461538
REGION1,SEBFHPFH1,SEBF,1,2016,1.538461538
REGION1,SEBFHPFH1,SEBF,1,2017,1.538461538
REGION1,SEBFHPFH1,SEBF,1,2018,1.538461538
REGION1,SEBFHPFH1,SEBF,1,2019,1.538461538
REGION1,SEBFHPFH1,SEBF,1,2020,1.538461538
REGION1,SEBFHPFH1,SEBF,1,2021,1.538461538
REGION1,SEBFHPFH1,SEBF,1,2022,1.538461538
REGION1,SEBFHPFH1,SEBF,1,2023,1.538461538
REGION1,SEBFHPFH1,SEBF,1,2024,1.538461538
REGION1,SEBFHPFH1,SEBF,1,2025,1.538461538
REGION1,SEBFHPFH1,SEBF,1,2026,1.538461538
REGION1,SEBFHPFH1,SEBF,1,2027,1.538461538
REGION1,SEBFHPFH1,SEBF,1,2028,1.538461538
REGION1,SEBFHPFH1,SEBF,1,2029,1.538461538
REGION1,SEBFHPFH1,SEBF,1,2030,1.538461538
REGION1,SEBFHPFH1,SEBF,1,2031,1.538461538
REGION1,SEBFHPFH1,SEBF,1,2032,1.538461538
REGION1,SEBFHPFH1,SEBF,1,2033,1.538461538
REGION1,SEBFHPFH1,SEBF,1,2034,1.538461538
REGION1,SEBFHPFH1,SEBF,1,2035,1.538461538
REGION1,SEBFHPFH1,SEBF,1,2036,1.538461538
REGION1,SEBFHPFH1,SEBF,1,2037,1.538461538
REGION1,SEBFHPFH1,SEBF,1,2038,1.538461538
REGION1,SEBFHPFH1,SEBF,1,2039,1.538461538
REGION1,SEBFHPFH1,SEBF,1,2040,1.538461538
REGION1,SEBFHPFH1,SEBF,1,2041,1.538461538
REGION1,SEBFHPFH1,SEBF,1,2042,1.538461538
REGION1,SEBFHPFH1,SEBF,1,2043,1.538461538
REGION1,SEBFHPFH1,SEBF,1,2044,1.538461538
REGION1,SEBFHPFH1,SEBF,1,2045,1.538461538
REGION1,SEBFHPFH1,SEBF,1,2046,1.538461538
REGION1,SEBFHPFH1,SEBF,1,2047,1.538461538
REGION1,SEBFHPFH1,SEBF,1,2048,1.538461538
REGION1,SEBFHPFH1,SEBF,1,2049,1.538461538
REGION1,SEBFHPFH1,SEBF,1,2050,1.538461538
REGION1,SEBFHPFH1,SEBF,1,2051,1.538461538
REGION1,SEBFHPFH1,SEBF,1,2052,1.538461538
REGION1,SEBFHPFH1,SEBF,1,2053,1.538461538
REGION1,SEBFHPFH1,SEBF,1,2054,1.538461538
REGION1,SEBFHPFH1,SEBF,1,2055,1.538461538
REGION1,SEBFHPFH1,SEBF,1,2056,1.538461538
REGION1,SEBFHPFH1,SEBF,1,2057,1.538461538
REGION1,SEBFHPFH1,SEBF,1,2058,1.538461538
REGION1,SEBFHPFH1,SEBF,1,2059,1.538461538
REGION1,SEBFHPFH1,SEBF,1,2060,1.538461538
REGION1,SEBMCCPH1,SEBM,1,2015,2.857142857
REGION1,SEBMCCPH1,SEBM,1,2016,2.826254826
REGION1,SEBMCCPH1,SEBM,1,2017,2.795366795
REGION1,SEBMCCPH1,SEBM,1,2018,2.764478764
REGION1,SEBMCCPH1,SEBM,1,2019,2.733590734
REGION1,SEBMCCPH1,SEBM,1,2020,2.702702703
REGION1,SEBMCCPH1,SEBM,1,2021,2.664990572
REGION1,SEBMCCPH1,SEBM,1,2022,2.627278441
REGION1,SEBMCCPH1,SEBM,1,2023,2.58956631
REGION1,SEBMCCPH1,SEBM,1,2024,2.55185418
REGION1,SEBMCCPH1,SEBM,1,2025,2.514142049
REGION1,SEBMCCPH1,SEBM,1,2026,2.476429918
REGION1,SEBMCCPH1,SEBM,1,2027,2.438717788
REGION1,SEBMCCPH1,SEBM,1,2028,2.401005657
REGION1,SEBMCCPH1,SEBM,1,2029,2.363293526
REGION1,SEBMCCPH1,SEBM,1,2030,2.325581395
REGION1,SEBMCCPH1,SEBM,1,2031,2.305789213
REGION1,SEBMCCPH1,SEBM,1,2032,2.285997031
REGION1,SEBMCCPH1,SEBM,1,2033,2.266204849
REGION1,SEBMCCPH1,SEBM,1,2034,2.246412667
REGION1,SEBMCCPH1,SEBM,1,2035,2.226620485
REGION1,SEBMCCPH1,SEBM,1,2036,2.206828303
REGION1,SEBMCCPH1,SEBM,1,2037,2.187036121
REGION1,SEBMCCPH1,SEBM,1,2038,2.167243939
REGION1,SEBMCCPH1,SEBM,1,2039,2.147451757
REGION1,SEBMCCPH1,SEBM,1,2040,2.127659574
REGION1,SEBMCCPH1,SEBM,1,2041,2.12322695
REGION1,SEBMCCPH1,SEBM,1,2042,2.118794326
REGION1,SEBMCCPH1,SEBM,1,2043,2.114361702
REGION1,SEBMCCPH1,SEBM,1,2044,2.109929078
REGION1,SEBMCCPH1,SEBM,1,2045,2.105496454
REGION1,SEBMCCPH1,SEBM,1,2046,2.10106383
REGION1,SEBMCCPH1,SEBM,1,2047,2.096631206
REGION1,SEBMCCPH1,SEBM,1,2048,2.092198582
REGION1,SEBMCCPH1,SEBM,1,2049,2.087765957
REGION1,SEBMCCPH1,SEBM,1,2050,2.083333333
REGION1,SEBMCCPH1,SEBM,1,2051,2.080833333
REGION1,SEBMCCPH1,SEBM,1,2052,2.078336333
REGION1,SEBMCCPH1,SEBM,1,2053,2.07584233
REGION1,SEBMCCPH1,SEBM,1,2054,2.073351319
REGION1,SEBMCCPH1,SEBM,1,2055,2.070863297
REGION1,SEBMCCPH1,SEBM,1,2056,2.069206607
REGION1,SEBMCCPH1,SEBM,1,2057,2.067551241
REGION1,SEBMCCPH1,SEBM,1,2058,2.0658972
REGION1,SEBMCCPH1,SEBM,1,2059,2.064244483
REGION1,SEBMCCPH1,SEBM,1,2060,2.062593087
REGION1,SEBMCHPH3,SEBM,1,2015,3.333333333
REGION1,SEBMCHPH3,SEBM,1,2016,3.333333333
REGION1,SEBMCHPH3,SEBM,1,2017,3.333333333
REGION1,SEBMCHPH3,SEBM,1,2018,3.333333333
REGION1,SEBMCHPH3,SEBM,1,2019,3.333333333
REGION1,SEBMCHPH3,SEBM,1,2020,3.333333333
REGION1,SEBMCHPH3,SEBM,1,2021,3.333333333
REGION1,SEBMCHPH3,SEBM,1,2022,3.333333333
REGION1,SEBMCHPH3,SEBM,1,2023,3.333333333
REGION1,SEBMCHPH3,SEBM,1,2024,3.333333333
REGION1,SEBMCHPH3,SEBM,1,2025,3.333333333
REGION1,SEBMCHPH3,SEBM,1,2026,3.333333333
REGION1,SEBMCHPH3,SEBM,1,2027,3.333333333
REGION1,SEBMCHPH3,SEBM,1,2028,3.333333333
REGION1,SEBMCHPH3,SEBM,1,2029,3.333333333
REGION1,SEBMCHPH3,SEBM,1,2030,3.333333333
REGION1,SEBMCHPH3,SEBM,1,2031,3.333333333
REGION1,SEBMCHPH3,SEBM,1,2032,3.333333333
REGION1,SEBMCHPH3,SEBM,1,2033,3.333333333
REGION1,SEBMCHPH3,SEBM,1,2034,3.333333333
REGION1,SEBMCHPH3,SEBM,1,2035,3.333333333
REGION1,SEBMCHPH3,SEBM,1,2036,3.333333333
REGION1,SEBMCHPH3,SEBM,1,2037,3.333333333
REGION1,SEBMCHPH3,SEBM,1,2038,3.333333333
REGION1,SEBMCHPH3,SEBM,1,2039,3.333333333
REGION1,SEBMCHPH3,SEBM,1,2040,3.333333333
REGION1,SEBMCHPH3,SEBM,1,2041,3.333333333
REGION1,SEBMCHPH3,SEBM,1,2042,3.333333333
REGION1,SEBMCHPH3,SEBM,1,2043,3.333333333
REGION1,SEBMCHPH3,SEBM,1,2044,3.333333333
REGION1,SEBMCHPH3,SEBM,1,2045,3.333333333
REGION1,SEBMCHPH3,SEBM,1,2046,3.333333333
REGION1,SEBMCHPH3,SEBM,1,2047,3.333333333
REGION1,SEBMCHPH3,SEBM,1,2048,3.333333333
REGION1,SEBMCHPH3,SEBM,1,2049,3.333333333
REGION1,SEBMCHPH3,SEBM,1,2050,3.333333333
REGION1,SEBMCHPH3,SEBM,1,2051,3.333333333
REGION1,SEBMCHPH3,SEBM,1,2052,3.333333333
REGION1,SEBMCHPH3,SEBM,1,2053,3.333333333
REGION1,SEBMCHPH3,SEBM,1,2054,3.333333333
REGION1,SEBMCHPH3,SEBM,1,2055,3.333333333
REGION1,SEBMCHPH3,SEBM,1,2056,3.333333333
REGION1,SEBMCHPH3,SEBM,1,2057,3.333333333
REGION1,SEBMCHPH3,SEBM,1,2058,3.333333333
REGION1,SEBMCHPH3,SEBM,1,2059,3.333333333
REGION1,SEBMCHPH3,SEBM,1,2060,3.333333333
REGION1,SEBMCSPN2,SEBM,1,2015,4.0
REGION1,SEBMCSPN2,SEBM,1,2016,3.914285714
REGION1,SEBMCSPN2,SEBM,1,2017,3.828571429
REGION1,SEBMCSPN2,SEBM,1,2018,3.742857143
REGION1,SEBMCSPN2,SEBM,1,2019,3.657142857
REGION1,SEBMCSPN2,SEBM,1,2020,3.571428571
REGION1,SEBMCSPN2,SEBM,1,2021,3.508403361
REGION1,SEBMCSPN2,SEBM,1,2022,3.445378151
REGION1,SEBMCSPN2,SEBM,1,2023,3.382352941
REGION1,SEBMCSPN2,SEBM,1,2024,3.319327731
REGION1,SEBMCSPN2,SEBM,1,2025,3.256302521
REGION1,SEBMCSPN2,SEBM,1,2026,3.193277311
REGION1,SEBMCSPN2,SEBM,1,2027,3.130252101
REGION1,SEBMCSPN2,SEBM,1,2028,3.067226891
REGION1,SEBMCSPN2,SEBM,1,2029,3.004201681
REGION1,SEBMCSPN2,SEBM,1,2030,2.941176471
REGION1,SEBMCSPN2,SEBM,1,2031,2.932773109
REGION1,SEBMCSPN2,SEBM,1,2032,2.924369748
REGION1,SEBMCSPN2,SEBM,1,2033,2.915966387
REGION1,SEBMCSPN2,SEBM,1,2034,2.907563025
REGION1,SEBMCSPN2,SEBM,1,2035,2.899159664
REGION1,SEBMCSPN2,SEBM,1,2036,2.890756303
REGION1,SEBMCSPN2,SEBM,1,2037,2.882352941
REGION1,SEBMCSPN2,SEBM,1,2038,2.87394958
REGION1,SEBMCSPN2,SEBM,1,2039,2.865546218
REGION1,SEBMCSPN2,SEBM,1,2040,2.857142857
REGION1,SEBMCSPN2,SEBM,1,2041,2.834586466
REGION1,SEBMCSPN2,SEBM,1,2042,2.812030075
REGION1,SEBMCSPN2,SEBM,1,2043,2.789473684
REGION1,SEBMCSPN2,SEBM,1,2044,2.766917293
REGION1,SEBMCSPN2,SEBM,1,2045,2.744360902
REGION1,SEBMCSPN2,SEBM,1,2046,2.721804511
REGION1,SEBMCSPN2,SEBM,1,2047,2.69924812
REGION1,SEBMCSPN2,SEBM,1,2048,2.676691729
REGION1,SEBMCSPN2,SEBM,1,2049,2.654135338
REGION1,SEBMCSPN2,SEBM,1,2050,2.631578947
REGION1,SEBMCSPN2,SEBM,1,2051,2.613671935
REGION1,SEBMCSPN2,SEBM,1,2052,2.599434098
REGION1,SEBMCSPN2,SEBM,1,2053,2.588099692
REGION1,SEBMCSPN2,SEBM,1,2054,2.579067761
REGION1,SEBMCSPN2,SEBM,1,2055,2.571864915
REGION1,SEBMCSPN2,SEBM,1,2056,2.566117126
REGION1,SEBMCSPN2,SEBM,1,2057,2.561528144
REGION1,SEBMCSPN2,SEBM,1,2058,2.557862868
REGION1,SEBMCSPN2,SEBM,1,2059,2.554934423
REGION1,SEBMCSPN2,SEBM,1,2060,2.552594082
REGION1,SEBMSTPH3,SEBM,1,2015,2.857142857
REGION1,SEBMSTPH3,SEBM,1,2016,2.857142857
REGION1,SEBMSTPH3,SEBM,1,2017,2.857142857
REGION1,SEBMSTPH3,SEBM,1,2018,2.857142857
REGION1,SEBMSTPH3,SEBM,1,2019,2.857142857
REGION1,SEBMSTPH3,SEBM,1,2020,2.857142857
REGION1,SEBMSTPH3,SEBM,1,2021,2.857142857
REGION1,SEBMSTPH3,SEBM,1,2022,2.857142857
REGION1,SEBMSTPH3,SEBM,1,2023,2.857142857
REGION1,SEBMSTPH3,SEBM,1,2024,2.857142857
REGION1,SEBMSTPH3,SEBM,1,2025,2.857142857
REGION1,SEBMSTPH3,SEBM,1,2026,2.857142857
REGION1,SEBMSTPH3,SEBM,1,2027,2.857142857
REGION1,SEBMSTPH3,SEBM,1,2028,2.857142857
REGION1,SEBMSTPH3,SEBM,1,2029,2.857142857
REGION1,SEBMSTPH3,SEBM,1,2030,2.857142857
REGION1,SEBMSTPH3,SEBM,1,2031,2.857142857
REGION1,SEBMSTPH3,SEBM,1,2032,2.857142857
REGION1,SEBMSTPH3,SEBM,1,2033,2.857142857
REGION1,SEBMSTPH3,SEBM,1,2034,2.857142857
REGION1,SEBMSTPH3,SEBM,1,2035,2.857142857
REGION1,SEBMSTPH3,SEBM,1,2036,2.857142857
REGION1,SEBMSTPH3,SEBM,1,2037,2.857142857
REGION1,SEBMSTPH3,SEBM,1,2038,2.857142857
REGION1,SEBMSTPH3,SEBM,1,2039,2.857142857
REGION1,SEBMSTPH3,SEBM,1,2040,2.857142857
REGION1,SEBMSTPH3,SEBM,1,2041,2.857142857
REGION1,SEBMSTPH3,SEBM,1,2042,2.857142857
REGION1,SEBMSTPH3,SEBM,1,2043,2.857142857
REGION1,SEBMSTPH3,SEBM,1,2044,2.857142857
REGION1,SEBMSTPH3,SEBM,1,2045,2.857142857
REGION1,SEBMSTPH3,SEBM,1,2046,2.857142857
REGION1,SEBMSTPH3,SEBM,1,2047,2.857142857
REGION1,SEBMSTPH3,SEBM,1,2048,2.857142857
REGION1,SEBMSTPH3,SEBM,1,2049,2.857142857
REGION1,SEBMSTPH3,SEBM,1,2050,2.857142857
REGION1,SEBMSTPH3,SEBM,1,2051,2.857142857
REGION1,SEBMSTPH3,SEBM,1,2052,2.857142857
REGION1,SEBMSTPH3,SEBM,1,2053,2.857142857
REGION1,SEBMSTPH3,SEBM,1,2054,2.857142857
REGION1,SEBMSTPH3,SEBM,1,2055,2.857142857
REGION1,SEBMSTPH3,SEBM,1,2056,2.857142857
REGION1,SEBMSTPH3,SEBM,1,2057,2.857142857
REGION1,SEBMSTPH3,SEBM,1,2058,2.857142857
REGION1,SEBMSTPH3,SEBM,1,2059,2.857142857
REGION1,SEBMSTPH3,SEBM,1,2060,2.857142857
REGION1,SECOCHPH3,SECO,1,2015,2.564102564
REGION1,SECOCHPH3,SECO,1,2016,2.539086929
REGION1,SECOCHPH3,SECO,1,2017,2.514071295
REGION1,SECOCHPH3,SECO,1,2018,2.48905566
REGION1,SECOCHPH3,SECO,1,2019,2.464040025
REGION1,SECOCHPH3,SECO,1,2020,2.43902439
REGION1,SECOCHPH3,SECO,1,2021,2.433217189
REGION1,SECOCHPH3,SECO,1,2022,2.427409988
REGION1,SECOCHPH3,SECO,1,2023,2.421602787
REGION1,SECOCHPH3,SECO,1,2024,2.415795587
REGION1,SECOCHPH3,SECO,1,2025,2.409988386
REGION1,SECOCHPH3,SECO,1,2026,2.404181185
REGION1,SECOCHPH3,SECO,1,2027,2.398373984
REGION1,SECOCHPH3,SECO,1,2028,2.392566783
REGION1,SECOCHPH3,SECO,1,2029,2.386759582
REGION1,SECOCHPH3,SECO,1,2030,2.380952381
REGION1,SECOCHPH3,SECO,1,2031,2.375415282
REGION1,SECOCHPH3,SECO,1,2032,2.369878184
REGION1,SECOCHPH3,SECO,1,2033,2.364341085
REGION1,SECOCHPH3,SECO,1,2034,2.358803987
REGION1,SECOCHPH3,SECO,1,2035,2.353266888
REGION1,SECOCHPH3,SECO,1,2036,2.34772979
REGION1,SECOCHPH3,SECO,1,2037,2.342192691
REGION1,SECOCHPH3,SECO,1,2038,2.336655592
REGION1,SECOCHPH3,SECO,1,2039,2.331118494
REGION1,SECOCHPH3,SECO,1,2040,2.325581395
REGION1,SECOCHPH3,SECO,1,2041,2.325581395
REGION1,SECOCHPH3,SECO,1,2042,2.325581395
REGION1,SECOCHPH3,SECO,1,2043,2.325581395
REGION1,SECOCHPH3,SECO,1,2044,2.325581395
REGION1,SECOCHPH3,SECO,1,2045,2.325581395
REGION1,SECOCHPH3,SECO,1,2046,2.325581395
REGION1,SECOCHPH3,SECO,1,2047,2.325581395
REGION1,SECOCHPH3,SECO,1,2048,2.325581395
REGION1,SECOCHPH3,SECO,1,2049,2.325581395
REGION1,SECOCHPH3,SECO,1,2050,2.325581395
REGION1,SECOCHPH3,SECO,1,2051,2.325581395
REGION1,SECOCHPH3,SECO,1,2052,2.325581395
REGION1,SECOCHPH3,SECO,1,2053,2.325581395
REGION1,SECOCHPH3,SECO,1,2054,2.325581395
REGION1,SECOCHPH3,SECO,1,2055,2.325581395
REGION1,SECOCHPH3,SECO,1,2056,2.325581395
REGION1,SECOCHPH3,SECO,1,2057,2.325581395
REGION1,SECOCHPH3,SECO,1,2058,2.325581395
REGION1,SECOCHPH3,SECO,1,2059,2.325581395
REGION1,SECOCHPH3,SECO,1,2060,2.325581395
REGION1,SECOCSPN2,SECO,1,2015,4.347826087
REGION1,SECOCSPN2,SECO,1,2016,4.311594203
REGION1,SECOCSPN2,SECO,1,2017,4.275362319
REGION1,SECOCSPN2,SECO,1,2018,4.239130435
REGION1,SECOCSPN2,SECO,1,2019,4.202898551000001
REGION1,SECOCSPN2,SECO,1,2020,4.166666667
REGION1,SECOCSPN2,SECO,1,2021,4.15
REGION1,SECOCSPN2,SECO,1,2022,4.133333333
REGION1,SECOCSPN2,SECO,1,2023,4.116666667
REGION1,SECOCSPN2,SECO,1,2024,4.1
REGION1,SECOCSPN2,SECO,1,2025,4.083333333
REGION1,SECOCSPN2,SECO,1,2026,4.066666667
REGION1,SECOCSPN2,SECO,1,2027,4.05
REGION1,SECOCSPN2,SECO,1,2028,4.033333333
REGION1,SECOCSPN2,SECO,1,2029,4.016666667
REGION1,SECOCSPN2,SECO,1,2030,4.0
REGION1,SECOCSPN2,SECO,1,2031,3.957142857
REGION1,SECOCSPN2,SECO,1,2032,3.914285714
REGION1,SECOCSPN2,SECO,1,2033,3.871428571
REGION1,SECOCSPN2,SECO,1,2034,3.828571429
REGION1,SECOCSPN2,SECO,1,2035,3.785714286
REGION1,SECOCSPN2,SECO,1,2036,3.742857143
REGION1,SECOCSPN2,SECO,1,2037,3.7
REGION1,SECOCSPN2,SECO,1,2038,3.657142857
REGION1,SECOCSPN2,SECO,1,2039,3.614285714
REGION1,SECOCSPN2,SECO,1,2040,3.571428571
REGION1,SECOCSPN2,SECO,1,2041,3.571428571
REGION1,SECOCSPN2,SECO,1,2042,3.571428571
REGION1,SECOCSPN2,SECO,1,2043,3.571428571
REGION1,SECOCSPN2,SECO,1,2044,3.571428571
REGION1,SECOCSPN2,SECO,1,2045,3.571428571
REGION1,SECOCSPN2,SECO,1,2046,3.571428571
REGION1,SECOCSPN2,SECO,1,2047,3.571428571
REGION1,SECOCSPN2,SECO,1,2048,3.571428571
REGION1,SECOCSPN2,SECO,1,2049,3.571428571
REGION1,SECOCSPN2,SECO,1,2050,3.571428571
REGION1,SECOCSPN2,SECO,1,2051,3.571428571
REGION1,SECOCSPN2,SECO,1,2052,3.571428571
REGION1,SECOCSPN2,SECO,1,2053,3.571428571
REGION1,SECOCSPN2,SECO,1,2054,3.571428571
REGION1,SECOCSPN2,SECO,1,2055,3.571428571
REGION1,SECOCSPN2,SECO,1,2056,3.571428571
REGION1,SECOCSPN2,SECO,1,2057,3.571428571
REGION1,SECOCSPN2,SECO,1,2058,3.571428571
REGION1,SECOCSPN2,SECO,1,2059,3.571428571
REGION1,SECOCSPN2,SECO,1,2060,3.571428571
REGION1,SECOSTPH1,SECO,1,2015,2.564102564
REGION1,SECOSTPH1,SECO,1,2016,2.564102564
REGION1,SECOSTPH1,SECO,1,2017,2.564102564
REGION1,SECOSTPH1,SECO,1,2018,2.564102564
REGION1,SECOSTPH1,SECO,1,2019,2.564102564
REGION1,SECOSTPH1,SECO,1,2020,2.564102564
REGION1,SECOSTPH1,SECO,1,2021,2.564102564
REGION1,SECOSTPH1,SECO,1,2022,2.564102564
REGION1,SECOSTPH1,SECO,1,2023,2.564102564
REGION1,SECOSTPH1,SECO,1,2024,2.564102564
REGION1,SECOSTPH1,SECO,1,2025,2.564102564
REGION1,SECOSTPH1,SECO,1,2026,2.564102564
REGION1,SECOSTPH1,SECO,1,2027,2.564102564
REGION1,SECOSTPH1,SECO,1,2028,2.564102564
REGION1,SECOSTPH1,SECO,1,2029,2.564102564
REGION1,SECOSTPH1,SECO,1,2030,2.564102564
REGION1,SECOSTPH1,SECO,1,2031,2.564102564
REGION1,SECOSTPH1,SECO,1,2032,2.564102564
REGION1,SECOSTPH1,SECO,1,2033,2.564102564
REGION1,SECOSTPH1,SECO,1,2034,2.564102564
REGION1,SECOSTPH1,SECO,1,2035,2.564102564
REGION1,SECOSTPH1,SECO,1,2036,2.564102564
REGION1,SECOSTPH1,SECO,1,2037,2.564102564
REGION1,SECOSTPH1,SECO,1,2038,2.564102564
REGION1,SECOSTPH1,SECO,1,2039,2.564102564
REGION1,SECOSTPH1,SECO,1,2040,2.564102564
REGION1,SECOSTPH1,SECO,1,2041,2.564102564
REGION1,SECOSTPH1,SECO,1,2042,2.564102564
REGION1,SECOSTPH1,SECO,1,2043,2.564102564
REGION1,SECOSTPH1,SECO,1,2044,2.564102564
REGION1,SECOSTPH1,SECO,1,2045,2.564102564
REGION1,SECOSTPH1,SECO,1,2046,2.564102564
REGION1,SECOSTPH1,SECO,1,2047,2.564102564
REGION1,SECOSTPH1,SECO,1,2048,2.564102564
REGION1,SECOSTPH1,SECO,1,2049,2.564102564
REGION1,SECOSTPH1,SECO,1,2050,2.564102564
REGION1,SECOSTPH1,SECO,1,2051,2.564102564
REGION1,SECOSTPH1,SECO,1,2052,2.564102564
REGION1,SECOSTPH1,SECO,1,2053,2.564102564
REGION1,SECOSTPH1,SECO,1,2054,2.564102564
REGION1,SECOSTPH1,SECO,1,2055,2.564102564
REGION1,SECOSTPH1,SECO,1,2056,2.564102564
REGION1,SECOSTPH1,SECO,1,2057,2.564102564
REGION1,SECOSTPH1,SECO,1,2058,2.564102564
REGION1,SECOSTPH1,SECO,1,2059,2.564102564
REGION1,SECOSTPH1,SECO,1,2060,2.564102564
REGION1,SECOSTPH3,SECO,1,2015,2.173913043
REGION1,SECOSTPH3,SECO,1,2016,2.16466235
REGION1,SECOSTPH3,SECO,1,2017,2.155411656
REGION1,SECOSTPH3,SECO,1,2018,2.146160962
REGION1,SECOSTPH3,SECO,1,2019,2.136910268
REGION1,SECOSTPH3,SECO,1,2020,2.127659574
REGION1,SECOSTPH3,SECO,1,2021,2.121870025
REGION1,SECOSTPH3,SECO,1,2022,2.116080475
REGION1,SECOSTPH3,SECO,1,2023,2.110290925
REGION1,SECOSTPH3,SECO,1,2024,2.104501375
REGION1,SECOSTPH3,SECO,1,2025,2.098711825
REGION1,SECOSTPH3,SECO,1,2026,2.092922275
REGION1,SECOSTPH3,SECO,1,2027,2.087132725
REGION1,SECOSTPH3,SECO,1,2028,2.081343176
REGION1,SECOSTPH3,SECO,1,2029,2.075553626
REGION1,SECOSTPH3,SECO,1,2030,2.069764076
REGION1,SECOSTPH3,SECO,1,2031,2.063974526
REGION1,SECOSTPH3,SECO,1,2032,2.058184976
REGION1,SECOSTPH3,SECO,1,2033,2.052395426
REGION1,SECOSTPH3,SECO,1,2034,2.046605876
REGION1,SECOSTPH3,SECO,1,2035,2.040816327
REGION1,SECOSTPH3,SECO,1,2036,2.03877551
REGION1,SECOSTPH3,SECO,1,2037,2.036736735
REGION1,SECOSTPH3,SECO,1,2038,2.034699998
REGION1,SECOSTPH3,SECO,1,2039,2.032665298
REGION1,SECOSTPH3,SECO,1,2040,2.030632633
REGION1,SECOSTPH3,SECO,1,2041,2.030632633
REGION1,SECOSTPH3,SECO,1,2042,2.030632633
REGION1,SECOSTPH3,SECO,1,2043,2.030632633
REGION1,SECOSTPH3,SECO,1,2044,2.030632633
REGION1,SECOSTPH3,SECO,1,2045,2.030632633
REGION1,SECOSTPH3,SECO,1,2046,2.030632633
REGION1,SECOSTPH3,SECO,1,2047,2.030632633
REGION1,SECOSTPH3,SECO,1,2048,2.030632633
REGION1,SECOSTPH3,SECO,1,2049,2.030632633
REGION1,SECOSTPH3,SECO,1,2050,2.030632633
REGION1,SECOSTPH3,SECO,1,2051,2.030632633
REGION1,SECOSTPH3,SECO,1,2052,2.030632633
REGION1,SECOSTPH3,SECO,1,2053,2.030632633
REGION1,SECOSTPH3,SECO,1,2054,2.030632633
REGION1,SECOSTPH3,SECO,1,2055,2.030632633
REGION1,SECOSTPH3,SECO,1,2056,2.030632633
REGION1,SECOSTPH3,SECO,1,2057,2.030632633
REGION1,SECOSTPH3,SECO,1,2058,2.030632633
REGION1,SECOSTPH3,SECO,1,2059,2.030632633
REGION1,SECOSTPH3,SECO,1,2060,2.030632633
REGION1,SEEL00TD0,SEE1,1,2015,1.0
REGION1,SEEL00TD0,SEE1,1,2016,1.0
REGION1,SEEL00TD0,SEE1,1,2017,1.0
REGION1,SEEL00TD0,SEE1,1,2018,1.0
REGION1,SEEL00TD0,SEE1,1,2019,1.0
REGION1,SEEL00TD0,SEE1,1,2020,1.0
REGION1,SEEL00TD0,SEE1,1,2021,1.0
REGION1,SEEL00TD0,SEE1,1,2022,1.0
REGION1,SEEL00TD0,SEE1,1,2023,1.0
REGION1,SEEL00TD0,SEE1,1,2024,1.0
REGION1,SEEL00TD0,SEE1,1,2025,1.0
REGION1,SEEL00TD0,SEE1,1,2026,1.0
REGION1,SEEL00TD0,SEE1,1,2027,1.0
REGION1,SEEL00TD0,SEE1,1,2028,1.0
REGION1,SEEL00TD0,SEE1,1,2029,1.0
REGION1,SEEL00TD0,SEE1,1,2030,1.0
REGION1,SEEL00TD0,SEE1,1,2031,1.0
REGION1,SEEL00TD0,SEE1,1,2032,1.0
REGION1,SEEL00TD0,SEE1,1,2033,1.0
REGION1,SEEL00TD0,SEE1,1,2034,1.0
REGION1,SEEL00TD0,SEE1,1,2035,1.0
REGION1,SEEL00TD0,SEE1,1,2036,1.0
REGION1,SEEL00TD0,SEE1,1,2037,1.0
REGION1,SEEL00TD0,SEE1,1,2038,1.0
REGION1,SEEL00TD0,SEE1,1,2039,1.0
REGION1,SEEL00TD0,SEE1,1,2040,1.0
REGION1,SEEL00TD0,SEE1,1,2041,1.0
REGION1,SEEL00TD0,SEE1,1,2042,1.0
REGION1,SEEL00TD0,SEE1,1,2043,1.0
REGION1,SEEL00TD0,SEE1,1,2044,1.0
REGION1,SEEL00TD0,SEE1,1,2045,1.0
REGION1,SEEL00TD0,SEE1,1,2046,1.0
REGION1,SEEL00TD0,SEE1,1,2047,1.0
REGION1,SEEL00TD0,SEE1,1,2048,1.0
REGION1,SEEL00TD0,SEE1,1,2049,1.0
REGION1,SEEL00TD0,SEE1,1,2050,1.0
REGION1,SEEL00TD0,SEE1,1,2051,1.0
REGION1,SEEL00TD0,SEE1,1,2052,1.0
REGION1,SEEL00TD0,SEE1,1,2053,1.0
REGION1,SEEL00TD0,SEE1,1,2054,1.0
REGION1,SEEL00TD0,SEE1,1,2055,1.0
REGION1,SEEL00TD0,SEE1,1,2056,1.0
REGION1,SEEL00TD0,SEE1,1,2057,1.0
REGION1,SEEL00TD0,SEE1,1,2058,1.0
REGION1,SEEL00TD0,SEE1,1,2059,1.0
REGION1,SEEL00TD0,SEE1,1,2060,1.0
REGION1,SEGOCVPH2,SEGO,1,2015,4.347826087
REGION1,SEGOCVPH2,SEGO,1,2016,4.329324699
REGION1,SEGOCVPH2,SEGO,1,2017,4.310823312
REGION1,SEGOCVPH2,SEGO,1,2018,4.292321923999999
REGION1,SEGOCVPH2,SEGO,1,2019,4.273820537
REGION1,SEGOCVPH2,SEGO,1,2020,4.255319149
REGION1,SEGOCVPH2,SEGO,1,2021,4.248197276
REGION1,SEGOCVPH2,SEGO,1,2022,4.241075403
REGION1,SEGOCVPH2,SEGO,1,2023,4.23395353
REGION1,SEGOCVPH2,SEGO,1,2024,4.226831657
REGION1,SEGOCVPH2,SEGO,1,2025,4.219709784
REGION1,SEGOCVPH2,SEGO,1,2026,4.212587911
REGION1,SEGOCVPH2,SEGO,1,2027,4.205466038
REGION1,SEGOCVPH2,SEGO,1,2028,4.198344165
REGION1,SEGOCVPH2,SEGO,1,2029,4.191222291
REGION1,SEGOCVPH2,SEGO,1,2030,4.184100418
REGION1,SEGOCVPH2,SEGO,1,2031,4.175526442
REGION1,SEGOCVPH2,SEGO,1,2032,4.166952466000001
REGION1,SEGOCVPH2,SEGO,1,2033,4.15837849
REGION1,SEGOCVPH2,SEGO,1,2034,4.149804513
REGION1,SEGOCVPH2,SEGO,1,2035,4.141230537
REGION1,SEGOCVPH2,SEGO,1,2036,4.132656561
REGION1,SEGOCVPH2,SEGO,1,2037,4.124082585
REGION1,SEGOCVPH2,SEGO,1,2038,4.115508608
REGION1,SEGOCVPH2,SEGO,1,2039,4.106934632
REGION1,SEGOCVPH2,SEGO,1,2040,4.098360656000001
REGION1,SEGOCVPH2,SEGO,1,2041,4.090131016
REGION1,SEGOCVPH2,SEGO,1,2042,4.081901376
REGION1,SEGOCVPH2,SEGO,1,2043,4.073671736000001
REGION1,SEGOCVPH2,SEGO,1,2044,4.065442096
REGION1,SEGOCVPH2,SEGO,1,2045,4.057212456
REGION1,SEGOCVPH2,SEGO,1,2046,4.048982817
REGION1,SEGOCVPH2,SEGO,1,2047,4.040753177
REGION1,SEGOCVPH2,SEGO,1,2048,4.032523537
REGION1,SEGOCVPH2,SEGO,1,2049,4.024293897
REGION1,SEGOCVPH2,SEGO,1,2050,4.016064257
REGION1,SEGOCVPH2,SEGO,1,2051,4.012048193
REGION1,SEGOCVPH2,SEGO,1,2052,4.008036145
REGION1,SEGOCVPH2,SEGO,1,2053,4.004028108
REGION1,SEGOCVPH2,SEGO,1,2054,4.00002408
REGION1,SEGOCVPH2,SEGO,1,2055,3.996024056
REGION1,SEGOCVPH2,SEGO,1,2056,3.992028032
REGION1,SEGOCVPH2,SEGO,1,2057,3.988036004
REGION1,SEGOCVPH2,SEGO,1,2058,3.984047968
REGION1,SEGOCVPH2,SEGO,1,2059,3.98006392
REGION1,SEGOCVPH2,SEGO,1,2060,3.976083856
REGION1,SEHFCCPH2,SEHF,1,2015,1.724137931
REGION1,SEHFCCPH2,SEHF,1,2016,1.712643678
REGION1,SEHFCCPH2,SEHF,1,2017,1.701149425
REGION1,SEHFCCPH2,SEHF,1,2018,1.689655172
REGION1,SEHFCCPH2,SEHF,1,2019,1.67816092
REGION1,SEHFCCPH2,SEHF,1,2020,1.666666667
REGION1,SEHFCCPH2,SEHF,1,2021,1.661290323
REGION1,SEHFCCPH2,SEHF,1,2022,1.655913978
REGION1,SEHFCCPH2,SEHF,1,2023,1.650537634
REGION1,SEHFCCPH2,SEHF,1,2024,1.64516129
REGION1,SEHFCCPH2,SEHF,1,2025,1.639784946
REGION1,SEHFCCPH2,SEHF,1,2026,1.634408602
REGION1,SEHFCCPH2,SEHF,1,2027,1.629032258
REGION1,SEHFCCPH2,SEHF,1,2028,1.623655914
REGION1,SEHFCCPH2,SEHF,1,2029,1.61827957
REGION1,SEHFCCPH2,SEHF,1,2030,1.612903226
REGION1,SEHFCCPH2,SEHF,1,2031,1.612903226
REGION1,SEHFCCPH2,SEHF,1,2032,1.612903226
REGION1,SEHFCCPH2,SEHF,1,2033,1.612903226
REGION1,SEHFCCPH2,SEHF,1,2034,1.612903226
REGION1,SEHFCCPH2,SEHF,1,2035,1.612903226
REGION1,SEHFCCPH2,SEHF,1,2036,1.612903226
REGION1,SEHFCCPH2,SEHF,1,2037,1.612903226
REGION1,SEHFCCPH2,SEHF,1,2038,1.612903226
REGION1,SEHFCCPH2,SEHF,1,2039,1.612903226
REGION1,SEHFCCPH2,SEHF,1,2040,1.612903226
REGION1,SEHFCCPH2,SEHF,1,2041,1.610343062
REGION1,SEHFCCPH2,SEHF,1,2042,1.607782898
REGION1,SEHFCCPH2,SEHF,1,2043,1.605222734
REGION1,SEHFCCPH2,SEHF,1,2044,1.60266257
REGION1,SEHFCCPH2,SEHF,1,2045,1.600102407
REGION1,SEHFCCPH2,SEHF,1,2046,1.597542243
REGION1,SEHFCCPH2,SEHF,1,2047,1.594982079
REGION1,SEHFCCPH2,SEHF,1,2048,1.592421915
REGION1,SEHFCCPH2,SEHF,1,2049,1.589861751
REGION1,SEHFCCPH2,SEHF,1,2050,1.587301587
REGION1,SEHFCCPH2,SEHF,1,2051,1.587301587
REGION1,SEHFCCPH2,SEHF,1,2052,1.587301587
REGION1,SEHFCCPH2,SEHF,1,2053,1.587301587
REGION1,SEHFCCPH2,SEHF,1,2054,1.587301587
REGION1,SEHFCCPH2,SEHF,1,2055,1.587301587
REGION1,SEHFCCPH2,SEHF,1,2056,1.587301587
REGION1,SEHFCCPH2,SEHF,1,2057,1.587301587
REGION1,SEHFCCPH2,SEHF,1,2058,1.587301587
REGION1,SEHFCCPH2,SEHF,1,2059,1.587301587
REGION1,SEHFCCPH2,SEHF,1,2060,1.587301587
REGION1,SEHFCHPH3,SEHF,1,2015,13.67989056
REGION1,SEHFCHPH3,SEHF,1,2016,13.67989056
REGION1,SEHFCHPH3,SEHF,1,2017,13.67989056
REGION1,SEHFCHPH3,SEHF,1,2018,13.67989056
REGION1,SEHFCHPH3,SEHF,1,2019,13.67989056
REGION1,SEHFCHPH3,SEHF,1,2020,13.67989056
REGION1,SEHFCHPH3,SEHF,1,2021,13.67989056
REGION1,SEHFCHPH3,SEHF,1,2022,13.67989056
REGION1,SEHFCHPH3,SEHF,1,2023,13.67989056
REGION1,SEHFCHPH3,SEHF,1,2024,13.67989056
REGION1,SEHFCHPH3,SEHF,1,2025,13.67989056
REGION1,SEHFCHPH3,SEHF,1,2026,13.67989056
REGION1,SEHFCHPH3,SEHF,1,2027,13.67989056
REGION1,SEHFCHPH3,SEHF,1,2028,13.67989056
REGION1,SEHFCHPH3,SEHF,1,2029,13.67989056
REGION1,SEHFCHPH3,SEHF,1,2030,13.67989056
REGION1,SEHFCHPH3,SEHF,1,2031,13.67989056
REGION1,SEHFCHPH3,SEHF,1,2032,13.67989056
REGION1,SEHFCHPH3,SEHF,1,2033,13.67989056
REGION1,SEHFCHPH3,SEHF,1,2034,13.67989056
REGION1,SEHFCHPH3,SEHF,1,2035,13.67989056
REGION1,SEHFCHPH3,SEHF,1,2036,13.67989056
REGION1,SEHFCHPH3,SEHF,1,2037,13.67989056
REGION1,SEHFCHPH3,SEHF,1,2038,13.67989056
REGION1,SEHFCHPH3,SEHF,1,2039,13.67989056
REGION1,SEHFCHPH3,SEHF,1,2040,13.67989056
REGION1,SEHFCHPH3,SEHF,1,2041,13.67989056
REGION1,SEHFCHPH3,SEHF,1,2042,13.67989056
REGION1,SEHFCHPH3,SEHF,1,2043,13.67989056
REGION1,SEHFCHPH3,SEHF,1,2044,13.67989056
REGION1,SEHFCHPH3,SEHF,1,2045,13.67989056
REGION1,SEHFCHPH3,SEHF,1,2046,13.67989056
REGION1,SEHFCHPH3,SEHF,1,2047,13.67989056
REGION1,SEHFCHPH3,SEHF,1,2048,13.67989056
REGION1,SEHFCHPH3,SEHF,1,2049,13.67989056
REGION1,SEHFCHPH3,SEHF,1,2050,13.67989056
REGION1,SEHFCHPH3,SEHF,1,2051,13.67989056
REGION1,SEHFCHPH3,SEHF,1,2052,13.67989056
REGION1,SEHFCHPH3,SEHF,1,2053,13.67989056
REGION1,SEHFCHPH3,SEHF,1,2054,13.67989056
REGION1,SEHFCHPH3,SEHF,1,2055,13.67989056
REGION1,SEHFCHPH3,SEHF,1,2056,13.67989056
REGION1,SEHFCHPH3,SEHF,1,2057,13.67989056
REGION1,SEHFCHPH3,SEHF,1,2058,13.67989056
REGION1,SEHFCHPH3,SEHF,1,2059,13.67989056
REGION1,SEHFCHPH3,SEHF,1,2060,13.67989056
REGION1,SEHFGCPH3,SEHF,1,2015,2.631578947
REGION1,SEHFGCPH3,SEHF,1,2016,2.631578947
REGION1,SEHFGCPH3,SEHF,1,2017,2.631578947
REGION1,SEHFGCPH3,SEHF,1,2018,2.631578947
REGION1,SEHFGCPH3,SEHF,1,2019,2.631578947
REGION1,SEHFGCPH3,SEHF,1,2020,2.631578947
REGION1,SEHFGCPH3,SEHF,1,2021,2.631578947
REGION1,SEHFGCPH3,SEHF,1,2022,2.631578947
REGION1,SEHFGCPH3,SEHF,1,2023,2.631578947
REGION1,SEHFGCPH3,SEHF,1,2024,2.631578947
REGION1,SEHFGCPH3,SEHF,1,2025,2.631578947
REGION1,SEHFGCPH3,SEHF,1,2026,2.631578947
REGION1,SEHFGCPH3,SEHF,1,2027,2.631578947
REGION1,SEHFGCPH3,SEHF,1,2028,2.631578947
REGION1,SEHFGCPH3,SEHF,1,2029,2.631578947
REGION1,SEHFGCPH3,SEHF,1,2030,2.631578947
REGION1,SEHFGCPH3,SEHF,1,2031,2.631578947
REGION1,SEHFGCPH3,SEHF,1,2032,2.631578947
REGION1,SEHFGCPH3,SEHF,1,2033,2.631578947
REGION1,SEHFGCPH3,SEHF,1,2034,2.631578947
REGION1,SEHFGCPH3,SEHF,1,2035,2.631578947
REGION1,SEHFGCPH3,SEHF,1,2036,2.631578947
REGION1,SEHFGCPH3,SEHF,1,2037,2.631578947
REGION1,SEHFGCPH3,SEHF,1,2038,2.631578947
REGION1,SEHFGCPH3,SEHF,1,2039,2.631578947
REGION1,SEHFGCPH3,SEHF,1,2040,2.631578947
REGION1,SEHFGCPH3,SEHF,1,2041,2.631578947
REGION1,SEHFGCPH3,SEHF,1,2042,2.631578947
REGION1,SEHFGCPH3,SEHF,1,2043,2.631578947
REGION1,SEHFGCPH3,SEHF,1,2044,2.631578947
REGION1,SEHFGCPH3,SEHF,1,2045,2.631578947
REGION1,SEHFGCPH3,SEHF,1,2046,2.631578947
REGION1,SEHFGCPH3,SEHF,1,2047,2.631578947
REGION1,SEHFGCPH3,SEHF,1,2048,2.631578947
REGION1,SEHFGCPH3,SEHF,1,2049,2.631578947
REGION1,SEHFGCPH3,SEHF,1,2050,2.631578947
REGION1,SEHFGCPH3,SEHF,1,2051,2.631578947
REGION1,SEHFGCPH3,SEHF,1,2052,2.631578947
REGION1,SEHFGCPH3,SEHF,1,2053,2.631578947
REGION1,SEHFGCPH3,SEHF,1,2054,2.631578947
REGION1,SEHFGCPH3,SEHF,1,2055,2.631578947
REGION1,SEHFGCPH3,SEHF,1,2056,2.631578947
REGION1,SEHFGCPH3,SEHF,1,2057,2.631578947
REGION1,SEHFGCPH3,SEHF,1,2058,2.631578947
REGION1,SEHFGCPH3,SEHF,1,2059,2.631578947
REGION1,SEHFGCPH3,SEHF,1,2060,2.631578947
REGION1,SEHFGCPN3,SEHF,1,2015,2.5
REGION1,SEHFGCPN3,SEHF,1,2016,2.5
REGION1,SEHFGCPN3,SEHF,1,2017,2.5
REGION1,SEHFGCPN3,SEHF,1,2018,2.5
REGION1,SEHFGCPN3,SEHF,1,2019,2.5
REGION1,SEHFGCPN3,SEHF,1,2020,2.5
REGION1,SEHFGCPN3,SEHF,1,2021,2.48255814
REGION1,SEHFGCPN3,SEHF,1,2022,2.465116279
REGION1,SEHFGCPN3,SEHF,1,2023,2.447674419
REGION1,SEHFGCPN3,SEHF,1,2024,2.430232558
REGION1,SEHFGCPN3,SEHF,1,2025,2.412790698
REGION1,SEHFGCPN3,SEHF,1,2026,2.395348837
REGION1,SEHFGCPN3,SEHF,1,2027,2.377906977
REGION1,SEHFGCPN3,SEHF,1,2028,2.360465116
REGION1,SEHFGCPN3,SEHF,1,2029,2.343023256
REGION1,SEHFGCPN3,SEHF,1,2030,2.325581395
REGION1,SEHFGCPN3,SEHF,1,2031,2.320295983
REGION1,SEHFGCPN3,SEHF,1,2032,2.315010571
REGION1,SEHFGCPN3,SEHF,1,2033,2.309725159
REGION1,SEHFGCPN3,SEHF,1,2034,2.304439746
REGION1,SEHFGCPN3,SEHF,1,2035,2.299154334
REGION1,SEHFGCPN3,SEHF,1,2036,2.293868922
REGION1,SEHFGCPN3,SEHF,1,2037,2.28858351
REGION1,SEHFGCPN3,SEHF,1,2038,2.283298097
REGION1,SEHFGCPN3,SEHF,1,2039,2.278012685
REGION1,SEHFGCPN3,SEHF,1,2040,2.272727273
REGION1,SEHFGCPN3,SEHF,1,2041,2.267676768
REGION1,SEHFGCPN3,SEHF,1,2042,2.262626263
REGION1,SEHFGCPN3,SEHF,1,2043,2.257575758
REGION1,SEHFGCPN3,SEHF,1,2044,2.252525253
REGION1,SEHFGCPN3,SEHF,1,2045,2.247474747
REGION1,SEHFGCPN3,SEHF,1,2046,2.242424242
REGION1,SEHFGCPN3,SEHF,1,2047,2.237373737
REGION1,SEHFGCPN3,SEHF,1,2048,2.232323232
REGION1,SEHFGCPN3,SEHF,1,2049,2.227272727
REGION1,SEHFGCPN3,SEHF,1,2050,2.222222222
REGION1,SEHFGCPN3,SEHF,1,2051,2.222222222
REGION1,SEHFGCPN3,SEHF,1,2052,2.222222222
REGION1,SEHFGCPN3,SEHF,1,2053,2.222222222
REGION1,SEHFGCPN3,SEHF,1,2054,2.222222222
REGION1,SEHFGCPN3,SEHF,1,2055,2.222222222
REGION1,SEHFGCPN3,SEHF,1,2056,2.222222222
REGION1,SEHFGCPN3,SEHF,1,2057,2.222222222
REGION1,SEHFGCPN3,SEHF,1,2058,2.222222222
REGION1,SEHFGCPN3,SEHF,1,2059,2.222222222
REGION1,SEHFGCPN3,SEHF,1,2060,2.222222222
REGION1,SEHFHPFH1,SEHF,1,2015,2.941176471
REGION1,SEHFHPFH1,SEHF,1,2016,2.941176471
REGION1,SEHFHPFH1,SEHF,1,2017,2.941176471
REGION1,SEHFHPFH1,SEHF,1,2018,2.941176471
REGION1,SEHFHPFH1,SEHF,1,2019,2.941176471
REGION1,SEHFHPFH1,SEHF,1,2020,2.941176471
REGION1,SEHFHPFH1,SEHF,1,2021,2.941176471
REGION1,SEHFHPFH1,SEHF,1,2022,2.941176471
REGION1,SEHFHPFH1,SEHF,1,2023,2.941176471
REGION1,SEHFHPFH1,SEHF,1,2024,2.941176471
REGION1,SEHFHPFH1,SEHF,1,2025,2.941176471
REGION1,SEHFHPFH1,SEHF,1,2026,2.941176471
REGION1,SEHFHPFH1,SEHF,1,2027,2.941176471
REGION1,SEHFHPFH1,SEHF,1,2028,2.941176471
REGION1,SEHFHPFH1,SEHF,1,2029,2.941176471
REGION1,SEHFHPFH1,SEHF,1,2030,2.941176471
REGION1,SEHFHPFH1,SEHF,1,2031,2.941176471
REGION1,SEHFHPFH1,SEHF,1,2032,2.941176471
REGION1,SEHFHPFH1,SEHF,1,2033,2.941176471
REGION1,SEHFHPFH1,SEHF,1,2034,2.941176471
REGION1,SEHFHPFH1,SEHF,1,2035,2.941176471
REGION1,SEHFHPFH1,SEHF,1,2036,2.941176471
REGION1,SEHFHPFH1,SEHF,1,2037,2.941176471
REGION1,SEHFHPFH1,SEHF,1,2038,2.941176471
REGION1,SEHFHPFH1,SEHF,1,2039,2.941176471
REGION1,SEHFHPFH1,SEHF,1,2040,2.941176471
REGION1,SEHFHPFH1,SEHF,1,2041,2.941176471
REGION1,SEHFHPFH1,SEHF,1,2042,2.941176471
REGION1,SEHFHPFH1,SEHF,1,2043,2.941176471
REGION1,SEHFHPFH1,SEHF,1,2044,2.941176471
REGION1,SEHFHPFH1,SEHF,1,2045,2.941176471
REGION1,SEHFHPFH1,SEHF,1,2046,2.941176471
REGION1,SEHFHPFH1,SEHF,1,2047,2.941176471
REGION1,SEHFHPFH1,SEHF,1,2048,2.941176471
REGION1,SEHFHPFH1,SEHF,1,2049,2.941176471
REGION1,SEHFHPFH1,SEHF,1,2050,2.941176471
REGION1,SEHFHPFH1,SEHF,1,2051,2.941176471
REGION1,SEHFHPFH1,SEHF,1,2052,2.941176471
REGION1,SEHFHPFH1,SEHF,1,2053,2.941176471
REGION1,SEHFHPFH1,SEHF,1,2054,2.941176471
REGION1,SEHFHPFH1,SEHF,1,2055,2.941176471
REGION1,SEHFHPFH1,SEHF,1,2056,2.941176471
REGION1,SEHFHPFH1,SEHF,1,2057,2.941176471
REGION1,SEHFHPFH1,SEHF,1,2058,2.941176471
REGION1,SEHFHPFH1,SEHF,1,2059,2.941176471
REGION1,SEHFHPFH1,SEHF,1,2060,2.941176471
REGION1,SEHFHPPH2,SEHF,1,2015,2.403846154
REGION1,SEHFHPPH2,SEHF,1,2016,2.403846154
REGION1,SEHFHPPH2,SEHF,1,2017,2.403846154
REGION1,SEHFHPPH2,SEHF,1,2018,2.403846154
REGION1,SEHFHPPH2,SEHF,1,2019,2.403846154
REGION1,SEHFHPPH2,SEHF,1,2020,2.403846154
REGION1,SEHFHPPH2,SEHF,1,2021,2.403846154
REGION1,SEHFHPPH2,SEHF,1,2022,2.403846154
REGION1,SEHFHPPH2,SEHF,1,2023,2.403846154
REGION1,SEHFHPPH2,SEHF,1,2024,2.403846154
REGION1,SEHFHPPH2,SEHF,1,2025,2.403846154
REGION1,SEHFHPPH2,SEHF,1,2026,2.403846154
REGION1,SEHFHPPH2,SEHF,1,2027,2.403846154
REGION1,SEHFHPPH2,SEHF,1,2028,2.403846154
REGION1,SEHFHPPH2,SEHF,1,2029,2.403846154
REGION1,SEHFHPPH2,SEHF,1,2030,2.403846154
REGION1,SEHFHPPH2,SEHF,1,2031,2.403846154
REGION1,SEHFHPPH2,SEHF,1,2032,2.403846154
REGION1,SEHFHPPH2,SEHF,1,2033,2.403846154
REGION1,SEHFHPPH2,SEHF,1,2034,2.403846154
REGION1,SEHFHPPH2,SEHF,1,2035,2.403846154
REGION1,SEHFHPPH2,SEHF,1,2036,2.403846154
REGION1,SEHFHPPH2,SEHF,1,2037,2.403846154
REGION1,SEHFHPPH2,SEHF,1,2038,2.403846154
REGION1,SEHFHPPH2,SEHF,1,2039,2.403846154
REGION1,SEHFHPPH2,SEHF,1,2040,2.403846154
REGION1,SEHFHPPH2,SEHF,1,2041,2.403846154
REGION1,SEHFHPPH2,SEHF,1,2042,2.403846154
REGION1,SEHFHPPH2,SEHF,1,2043,2.403846154
REGION1,SEHFHPPH2,SEHF,1,2044,2.403846154
REGION1,SEHFHPPH2,SEHF,1,2045,2.403846154
REGION1,SEHFHPPH2,SEHF,1,2046,2.403846154
REGION1,SEHFHPPH2,SEHF,1,2047,2.403846154
REGION1,SEHFHPPH2,SEHF,1,2048,2.403846154
REGION1,SEHFHPPH2,SEHF,1,2049,2.403846154
REGION1,SEHFHPPH2,SEHF,1,2050,2.403846154
REGION1,SEHFHPPH2,SEHF,1,2051,2.403846154
REGION1,SEHFHPPH2,SEHF,1,2052,2.403846154
REGION1,SEHFHPPH2,SEHF,1,2053,2.403846154
REGION1,SEHFHPPH2,SEHF,1,2054,2.403846154
REGION1,SEHFHPPH2,SEHF,1,2055,2.403846154
REGION1,SEHFHPPH2,SEHF,1,2056,2.403846154
REGION1,SEHFHPPH2,SEHF,1,2057,2.403846154
REGION1,SEHFHPPH2,SEHF,1,2058,2.403846154
REGION1,SEHFHPPH2,SEHF,1,2059,2.403846154
REGION1,SEHFHPPH2,SEHF,1,2060,2.403846154
REGION1,SEHFSTPH2,SEHF,1,2015,2.325581395
REGION1,SEHFSTPH2,SEHF,1,2016,2.325581395
REGION1,SEHFSTPH2,SEHF,1,2017,2.325581395
REGION1,SEHFSTPH2,SEHF,1,2018,2.325581395
REGION1,SEHFSTPH2,SEHF,1,2019,2.325581395
REGION1,SEHFSTPH2,SEHF,1,2020,2.325581395
REGION1,SEHFSTPH2,SEHF,1,2021,2.325581395
REGION1,SEHFSTPH2,SEHF,1,2022,2.325581395
REGION1,SEHFSTPH2,SEHF,1,2023,2.325581395
REGION1,SEHFSTPH2,SEHF,1,2024,2.325581395
REGION1,SEHFSTPH2,SEHF,1,2025,2.325581395
REGION1,SEHFSTPH2,SEHF,1,2026,2.325581395
REGION1,SEHFSTPH2,SEHF,1,2027,2.325581395
REGION1,SEHFSTPH2,SEHF,1,2028,2.325581395
REGION1,SEHFSTPH2,SEHF,1,2029,2.325581395
REGION1,SEHFSTPH2,SEHF,1,2030,2.325581395
REGION1,SEHFSTPH2,SEHF,1,2031,2.325581395
REGION1,SEHFSTPH2,SEHF,1,2032,2.325581395
REGION1,SEHFSTPH2,SEHF,1,2033,2.325581395
REGION1,SEHFSTPH2,SEHF,1,2034,2.325581395
REGION1,SEHFSTPH2,SEHF,1,2035,2.325581395
REGION1,SEHFSTPH2,SEHF,1,2036,2.325581395
REGION1,SEHFSTPH2,SEHF,1,2037,2.325581395
REGION1,SEHFSTPH2,SEHF,1,2038,2.325581395
REGION1,SEHFSTPH2,SEHF,1,2039,2.325581395
REGION1,SEHFSTPH2,SEHF,1,2040,2.325581395
REGION1,SEHFSTPH2,SEHF,1,2041,2.325581395
REGION1,SEHFSTPH2,SEHF,1,2042,2.325581395
REGION1,SEHFSTPH2,SEHF,1,2043,2.325581395
REGION1,SEHFSTPH2,SEHF,1,2044,2.325581395
REGION1,SEHFSTPH2,SEHF,1,2045,2.325581395
REGION1,SEHFSTPH2,SEHF,1,2046,2.325581395
REGION1,SEHFSTPH2,SEHF,1,2047,2.325581395
REGION1,SEHFSTPH2,SEHF,1,2048,2.325581395
REGION1,SEHFSTPH2,SEHF,1,2049,2.325581395
REGION1,SEHFSTPH2,SEHF,1,2050,2.325581395
REGION1,SEHFSTPH2,SEHF,1,2051,2.325581395
REGION1,SEHFSTPH2,SEHF,1,2052,2.325581395
REGION1,SEHFSTPH2,SEHF,1,2053,2.325581395
REGION1,SEHFSTPH2,SEHF,1,2054,2.325581395
REGION1,SEHFSTPH2,SEHF,1,2055,2.325581395
REGION1,SEHFSTPH2,SEHF,1,2056,2.325581395
REGION1,SEHFSTPH2,SEHF,1,2057,2.325581395
REGION1,SEHFSTPH2,SEHF,1,2058,2.325581395
REGION1,SEHFSTPH2,SEHF,1,2059,2.325581395
REGION1,SEHFSTPH2,SEHF,1,2060,2.325581395
REGION1,SEHFSTPH3,SEHF,1,2015,2.173913043
REGION1,SEHFSTPH3,SEHF,1,2016,2.16466235
REGION1,SEHFSTPH3,SEHF,1,2017,2.155411656
REGION1,SEHFSTPH3,SEHF,1,2018,2.146160962
REGION1,SEHFSTPH3,SEHF,1,2019,2.136910268
REGION1,SEHFSTPH3,SEHF,1,2020,2.127659574
REGION1,SEHFSTPH3,SEHF,1,2021,2.121870025
REGION1,SEHFSTPH3,SEHF,1,2022,2.116080475
REGION1,SEHFSTPH3,SEHF,1,2023,2.110290925
REGION1,SEHFSTPH3,SEHF,1,2024,2.104501375
REGION1,SEHFSTPH3,SEHF,1,2025,2.098711825
REGION1,SEHFSTPH3,SEHF,1,2026,2.092922275
REGION1,SEHFSTPH3,SEHF,1,2027,2.087132725
REGION1,SEHFSTPH3,SEHF,1,2028,2.081343176
REGION1,SEHFSTPH3,SEHF,1,2029,2.075553626
REGION1,SEHFSTPH3,SEHF,1,2030,2.069764076
REGION1,SEHFSTPH3,SEHF,1,2031,2.063974526
REGION1,SEHFSTPH3,SEHF,1,2032,2.058184976
REGION1,SEHFSTPH3,SEHF,1,2033,2.052395426
REGION1,SEHFSTPH3,SEHF,1,2034,2.046605876
REGION1,SEHFSTPH3,SEHF,1,2035,2.040816327
REGION1,SEHFSTPH3,SEHF,1,2036,2.03877551
REGION1,SEHFSTPH3,SEHF,1,2037,2.036736735
REGION1,SEHFSTPH3,SEHF,1,2038,2.034699998
REGION1,SEHFSTPH3,SEHF,1,2039,2.032665298
REGION1,SEHFSTPH3,SEHF,1,2040,2.030632633
REGION1,SEHFSTPH3,SEHF,1,2041,2.030632633
REGION1,SEHFSTPH3,SEHF,1,2042,2.030632633
REGION1,SEHFSTPH3,SEHF,1,2043,2.030632633
REGION1,SEHFSTPH3,SEHF,1,2044,2.030632633
REGION1,SEHFSTPH3,SEHF,1,2045,2.030632633
REGION1,SEHFSTPH3,SEHF,1,2046,2.030632633
REGION1,SEHFSTPH3,SEHF,1,2047,2.030632633
REGION1,SEHFSTPH3,SEHF,1,2048,2.030632633
REGION1,SEHFSTPH3,SEHF,1,2049,2.030632633
REGION1,SEHFSTPH3,SEHF,1,2050,2.030632633
REGION1,SEHFSTPH3,SEHF,1,2051,2.030632633
REGION1,SEHFSTPH3,SEHF,1,2052,2.030632633
REGION1,SEHFSTPH3,SEHF,1,2053,2.030632633
REGION1,SEHFSTPH3,SEHF,1,2054,2.030632633
REGION1,SEHFSTPH3,SEHF,1,2055,2.030632633
REGION1,SEHFSTPH3,SEHF,1,2056,2.030632633
REGION1,SEHFSTPH3,SEHF,1,2057,2.030632633
REGION1,SEHFSTPH3,SEHF,1,2058,2.030632633
REGION1,SEHFSTPH3,SEHF,1,2059,2.030632633
REGION1,SEHFSTPH3,SEHF,1,2060,2.030632633
REGION1,SENGCCPH2,SENG,1,2015,1.724137931
REGION1,SENGCCPH2,SENG,1,2016,1.712643678
REGION1,SENGCCPH2,SENG,1,2017,1.701149425
REGION1,SENGCCPH2,SENG,1,2018,1.689655172
REGION1,SENGCCPH2,SENG,1,2019,1.67816092
REGION1,SENGCCPH2,SENG,1,2020,1.666666667
REGION1,SENGCCPH2,SENG,1,2021,1.661290323
REGION1,SENGCCPH2,SENG,1,2022,1.655913978
REGION1,SENGCCPH2,SENG,1,2023,1.650537634
REGION1,SENGCCPH2,SENG,1,2024,1.64516129
REGION1,SENGCCPH2,SENG,1,2025,1.639784946
REGION1,SENGCCPH2,SENG,1,2026,1.634408602
REGION1,SENGCCPH2,SENG,1,2027,1.629032258
REGION1,SENGCCPH2,SENG,1,2028,1.623655914
REGION1,SENGCCPH2,SENG,1,2029,1.61827957
REGION1,SENGCCPH2,SENG,1,2030,1.612903226
REGION1,SENGCCPH2,SENG,1,2031,1.612903226
REGION1,SENGCCPH2,SENG,1,2032,1.612903226
REGION1,SENGCCPH2,SENG,1,2033,1.612903226
REGION1,SENGCCPH2,SENG,1,2034,1.612903226
REGION1,SENGCCPH2,SENG,1,2035,1.612903226
REGION1,SENGCCPH2,SENG,1,2036,1.612903226
REGION1,SENGCCPH2,SENG,1,2037,1.612903226
REGION1,SENGCCPH2,SENG,1,2038,1.612903226
REGION1,SENGCCPH2,SENG,1,2039,1.612903226
REGION1,SENGCCPH2,SENG,1,2040,1.612903226
REGION1,SENGCCPH2,SENG,1,2041,1.610343062
REGION1,SENGCCPH2,SENG,1,2042,1.607782898
REGION1,SENGCCPH2,SENG,1,2043,1.605222734
REGION1,SENGCCPH2,SENG,1,2044,1.60266257
REGION1,SENGCCPH2,SENG,1,2045,1.600102407
REGION1,SENGCCPH2,SENG,1,2046,1.597542243
REGION1,SENGCCPH2,SENG,1,2047,1.594982079
REGION1,SENGCCPH2,SENG,1,2048,1.592421915
REGION1,SENGCCPH2,SENG,1,2049,1.589861751
REGION1,SENGCCPH2,SENG,1,2050,1.587301587
REGION1,SENGCCPH2,SENG,1,2051,1.587301587
REGION1,SENGCCPH2,SENG,1,2052,1.587301587
REGION1,SENGCCPH2,SENG,1,2053,1.587301587
REGION1,SENGCCPH2,SENG,1,2054,1.587301587
REGION1,SENGCCPH2,SENG,1,2055,1.587301587
REGION1,SENGCCPH2,SENG,1,2056,1.587301587
REGION1,SENGCCPH2,SENG,1,2057,1.587301587
REGION1,SENGCCPH2,SENG,1,2058,1.587301587
REGION1,SENGCCPH2,SENG,1,2059,1.587301587
REGION1,SENGCCPH2,SENG,1,2060,1.587301587
REGION1,SENGCHPH3,SENG,1,2015,2.380952381
REGION1,SENGCHPH3,SENG,1,2016,2.380952381
REGION1,SENGCHPH3,SENG,1,2017,2.380952381
REGION1,SENGCHPH3,SENG,1,2018,2.380952381
REGION1,SENGCHPH3,SENG,1,2019,2.380952381
REGION1,SENGCHPH3,SENG,1,2020,2.380952381
REGION1,SENGCHPH3,SENG,1,2021,2.380952381
REGION1,SENGCHPH3,SENG,1,2022,2.380952381
REGION1,SENGCHPH3,SENG,1,2023,2.380952381
REGION1,SENGCHPH3,SENG,1,2024,2.380952381
REGION1,SENGCHPH3,SENG,1,2025,2.380952381
REGION1,SENGCHPH3,SENG,1,2026,2.380952381
REGION1,SENGCHPH3,SENG,1,2027,2.380952381
REGION1,SENGCHPH3,SENG,1,2028,2.380952381
REGION1,SENGCHPH3,SENG,1,2029,2.380952381
REGION1,SENGCHPH3,SENG,1,2030,2.380952381
REGION1,SENGCHPH3,SENG,1,2031,2.380952381
REGION1,SENGCHPH3,SENG,1,2032,2.380952381
REGION1,SENGCHPH3,SENG,1,2033,2.380952381
REGION1,SENGCHPH3,SENG,1,2034,2.380952381
REGION1,SENGCHPH3,SENG,1,2035,2.380952381
REGION1,SENGCHPH3,SENG,1,2036,2.380952381
REGION1,SENGCHPH3,SENG,1,2037,2.380952381
REGION1,SENGCHPH3,SENG,1,2038,2.380952381
REGION1,SENGCHPH3,SENG,1,2039,2.380952381
REGION1,SENGCHPH3,SENG,1,2040,2.380952381
REGION1,SENGCHPH3,SENG,1,2041,2.380952381
REGION1,SENGCHPH3,SENG,1,2042,2.380952381
REGION1,SENGCHPH3,SENG,1,2043,2.380952381
REGION1,SENGCHPH3,SENG,1,2044,2.380952381
REGION1,SENGCHPH3,SENG,1,2045,2.380952381
REGION1,SENGCHPH3,SENG,1,2046,2.380952381
REGION1,SENGCHPH3,SENG,1,2047,2.380952381
REGION1,SENGCHPH3,SENG,1,2048,2.380952381
REGION1,SENGCHPH3,SENG,1,2049,2.380952381
REGION1,SENGCHPH3,SENG,1,2050,2.380952381
REGION1,SENGCHPH3,SENG,1,2051,2.380952381
REGION1,SENGCHPH3,SENG,1,2052,2.380952381
REGION1,SENGCHPH3,SENG,1,2053,2.380952381
REGION1,SENGCHPH3,SENG,1,2054,2.380952381
REGION1,SENGCHPH3,SENG,1,2055,2.380952381
REGION1,SENGCHPH3,SENG,1,2056,2.380952381
REGION1,SENGCHPH3,SENG,1,2057,2.380952381
REGION1,SENGCHPH3,SENG,1,2058,2.380952381
REGION1,SENGCHPH3,SENG,1,2059,2.380952381
REGION1,SENGCHPH3,SENG,1,2060,2.380952381
REGION1,SENGCHPN3,SENG,1,2015,1.754385965
REGION1,SENGCHPN3,SENG,1,2016,1.742491823
REGION1,SENGCHPN3,SENG,1,2017,1.730597681
REGION1,SENGCHPN3,SENG,1,2018,1.718703539
REGION1,SENGCHPN3,SENG,1,2019,1.706809396
REGION1,SENGCHPN3,SENG,1,2020,1.694915254
REGION1,SENGCHPN3,SENG,1,2021,1.689358155
REGION1,SENGCHPN3,SENG,1,2022,1.683801056
REGION1,SENGCHPN3,SENG,1,2023,1.678243957
REGION1,SENGCHPN3,SENG,1,2024,1.672686857
REGION1,SENGCHPN3,SENG,1,2025,1.667129758
REGION1,SENGCHPN3,SENG,1,2026,1.661572659
REGION1,SENGCHPN3,SENG,1,2027,1.65601556
REGION1,SENGCHPN3,SENG,1,2028,1.650458461
REGION1,SENGCHPN3,SENG,1,2029,1.644901361
REGION1,SENGCHPN3,SENG,1,2030,1.639344262
REGION1,SENGCHPN3,SENG,1,2031,1.636700159
REGION1,SENGCHPN3,SENG,1,2032,1.634056055
REGION1,SENGCHPN3,SENG,1,2033,1.631411951
REGION1,SENGCHPN3,SENG,1,2034,1.628767848
REGION1,SENGCHPN3,SENG,1,2035,1.626123744
REGION1,SENGCHPN3,SENG,1,2036,1.62347964
REGION1,SENGCHPN3,SENG,1,2037,1.620835537
REGION1,SENGCHPN3,SENG,1,2038,1.618191433
REGION1,SENGCHPN3,SENG,1,2039,1.615547329
REGION1,SENGCHPN3,SENG,1,2040,1.612903226
REGION1,SENGCHPN3,SENG,1,2041,1.610343062
REGION1,SENGCHPN3,SENG,1,2042,1.607782898
REGION1,SENGCHPN3,SENG,1,2043,1.605222734
REGION1,SENGCHPN3,SENG,1,2044,1.60266257
REGION1,SENGCHPN3,SENG,1,2045,1.600102407
REGION1,SENGCHPN3,SENG,1,2046,1.597542243
REGION1,SENGCHPN3,SENG,1,2047,1.594982079
REGION1,SENGCHPN3,SENG,1,2048,1.592421915
REGION1,SENGCHPN3,SENG,1,2049,1.589861751
REGION1,SENGCHPN3,SENG,1,2050,1.587301587
REGION1,SENGCHPN3,SENG,1,2051,1.587301587
REGION1,SENGCHPN3,SENG,1,2052,1.587301587
REGION1,SENGCHPN3,SENG,1,2053,1.587301587
REGION1,SENGCHPN3,SENG,1,2054,1.587301587
REGION1,SENGCHPN3,SENG,1,2055,1.587301587
REGION1,SENGCHPN3,SENG,1,2056,1.587301587
REGION1,SENGCHPN3,SENG,1,2057,1.587301587
REGION1,SENGCHPN3,SENG,1,2058,1.587301587
REGION1,SENGCHPN3,SENG,1,2059,1.587301587
REGION1,SENGCHPN3,SENG,1,2060,1.587301587
REGION1,SENGCSPN2,SENG,1,2015,2.380952381
REGION1,SENGCSPN2,SENG,1,2016,2.359307359
REGION1,SENGCSPN2,SENG,1,2017,2.337662338
REGION1,SENGCSPN2,SENG,1,2018,2.316017316
REGION1,SENGCSPN2,SENG,1,2019,2.294372294
REGION1,SENGCSPN2,SENG,1,2020,2.272727273
REGION1,SENGCSPN2,SENG,1,2021,2.253787879
REGION1,SENGCSPN2,SENG,1,2022,2.234848485
REGION1,SENGCSPN2,SENG,1,2023,2.215909091
REGION1,SENGCSPN2,SENG,1,2024,2.196969697
REGION1,SENGCSPN2,SENG,1,2025,2.178030303
REGION1,SENGCSPN2,SENG,1,2026,2.159090909
REGION1,SENGCSPN2,SENG,1,2027,2.140151515
REGION1,SENGCSPN2,SENG,1,2028,2.121212121
REGION1,SENGCSPN2,SENG,1,2029,2.102272727
REGION1,SENGCSPN2,SENG,1,2030,2.083333333
REGION1,SENGCSPN2,SENG,1,2031,2.083333333
REGION1,SENGCSPN2,SENG,1,2032,2.083333333
REGION1,SENGCSPN2,SENG,1,2033,2.083333333
REGION1,SENGCSPN2,SENG,1,2034,2.083333333
REGION1,SENGCSPN2,SENG,1,2035,2.083333333
REGION1,SENGCSPN2,SENG,1,2036,2.083333333
REGION1,SENGCSPN2,SENG,1,2037,2.083333333
REGION1,SENGCSPN2,SENG,1,2038,2.083333333
REGION1,SENGCSPN2,SENG,1,2039,2.083333333
REGION1,SENGCSPN2,SENG,1,2040,2.083333333
REGION1,SENGCSPN2,SENG,1,2041,2.083333333
REGION1,SENGCSPN2,SENG,1,2042,2.083333333
REGION1,SENGCSPN2,SENG,1,2043,2.083333333
REGION1,SENGCSPN2,SENG,1,2044,2.083333333
REGION1,SENGCSPN2,SENG,1,2045,2.083333333
REGION1,SENGCSPN2,SENG,1,2046,2.083333333
REGION1,SENGCSPN2,SENG,1,2047,2.083333333
REGION1,SENGCSPN2,SENG,1,2048,2.083333333
REGION1,SENGCSPN2,SENG,1,2049,2.083333333
REGION1,SENGCSPN2,SENG,1,2050,2.083333333
REGION1,SENGCSPN2,SENG,1,2051,2.083333333
REGION1,SENGCSPN2,SENG,1,2052,2.083333333
REGION1,SENGCSPN2,SENG,1,2053,2.083333333
REGION1,SENGCSPN2,SENG,1,2054,2.083333333
REGION1,SENGCSPN2,SENG,1,2055,2.083333333
REGION1,SENGCSPN2,SENG,1,2056,2.083333333
REGION1,SENGCSPN2,SENG,1,2057,2.083333333
REGION1,SENGCSPN2,SENG,1,2058,2.083333333
REGION1,SENGCSPN2,SENG,1,2059,2.083333333
REGION1,SENGCSPN2,SENG,1,2060,2.083333333
REGION1,SENGFCFH1,SENG,1,2015,1.886792453
REGION1,SENGFCFH1,SENG,1,2016,1.886792453
REGION1,SENGFCFH1,SENG,1,2017,1.886792453
REGION1,SENGFCFH1,SENG,1,2018,1.886792453
REGION1,SENGFCFH1,SENG,1,2019,1.886792453
REGION1,SENGFCFH1,SENG,1,2020,1.886792453
REGION1,SENGFCFH1,SENG,1,2021,1.879931389
REGION1,SENGFCFH1,SENG,1,2022,1.873070326
REGION1,SENGFCFH1,SENG,1,2023,1.866209262
REGION1,SENGFCFH1,SENG,1,2024,1.859348199
REGION1,SENGFCFH1,SENG,1,2025,1.852487136
REGION1,SENGFCFH1,SENG,1,2026,1.845626072
REGION1,SENGFCFH1,SENG,1,2027,1.838765009
REGION1,SENGFCFH1,SENG,1,2028,1.831903945
REGION1,SENGFCFH1,SENG,1,2029,1.825042882
REGION1,SENGFCFH1,SENG,1,2030,1.818181818
REGION1,SENGFCFH1,SENG,1,2031,1.805855162
REGION1,SENGFCFH1,SENG,1,2032,1.793528505
REGION1,SENGFCFH1,SENG,1,2033,1.781201849
REGION1,SENGFCFH1,SENG,1,2034,1.768875193
REGION1,SENGFCFH1,SENG,1,2035,1.756548536
REGION1,SENGFCFH1,SENG,1,2036,1.74422188
REGION1,SENGFCFH1,SENG,1,2037,1.731895223
REGION1,SENGFCFH1,SENG,1,2038,1.719568567
REGION1,SENGFCFH1,SENG,1,2039,1.707241911
REGION1,SENGFCFH1,SENG,1,2040,1.694915254
REGION1,SENGFCFH1,SENG,1,2041,1.689358155
REGION1,SENGFCFH1,SENG,1,2042,1.683801056
REGION1,SENGFCFH1,SENG,1,2043,1.678243957
REGION1,SENGFCFH1,SENG,1,2044,1.672686857
REGION1,SENGFCFH1,SENG,1,2045,1.667129758
REGION1,SENGFCFH1,SENG,1,2046,1.661572659
REGION1,SENGFCFH1,SENG,1,2047,1.65601556
REGION1,SENGFCFH1,SENG,1,2048,1.650458461
REGION1,SENGFCFH1,SENG,1,2049,1.644901361
REGION1,SENGFCFH1,SENG,1,2050,1.639344262
REGION1,SENGFCFH1,SENG,1,2051,1.639344262
REGION1,SENGFCFH1,SENG,1,2052,1.639344262
REGION1,SENGFCFH1,SENG,1,2053,1.639344262
REGION1,SENGFCFH1,SENG,1,2054,1.639344262
REGION1,SENGFCFH1,SENG,1,2055,1.639344262
REGION1,SENGFCFH1,SENG,1,2056,1.639344262
REGION1,SENGFCFH1,SENG,1,2057,1.639344262
REGION1,SENGFCFH1,SENG,1,2058,1.639344262
REGION1,SENGFCFH1,SENG,1,2059,1.639344262
REGION1,SENGFCFH1,SENG,1,2060,1.639344262
REGION1,SENGGCPH2,SENG,1,2015,2.631578947
REGION1,SENGGCPH2,SENG,1,2016,2.631578947
REGION1,SENGGCPH2,SENG,1,2017,2.631578947
REGION1,SENGGCPH2,SENG,1,2018,2.631578947
REGION1,SENGGCPH2,SENG,1,2019,2.631578947
REGION1,SENGGCPH2,SENG,1,2020,2.631578947
REGION1,SENGGCPH2,SENG,1,2021,2.631578947
REGION1,SENGGCPH2,SENG,1,2022,2.631578947
REGION1,SENGGCPH2,SENG,1,2023,2.631578947
REGION1,SENGGCPH2,SENG,1,2024,2.631578947
REGION1,SENGGCPH2,SENG,1,2025,2.631578947
REGION1,SENGGCPH2,SENG,1,2026,2.631578947
REGION1,SENGGCPH2,SENG,1,2027,2.631578947
REGION1,SENGGCPH2,SENG,1,2028,2.631578947
REGION1,SENGGCPH2,SENG,1,2029,2.631578947
REGION1,SENGGCPH2,SENG,1,2030,2.631578947
REGION1,SENGGCPH2,SENG,1,2031,2.631578947
REGION1,SENGGCPH2,SENG,1,2032,2.631578947
REGION1,SENGGCPH2,SENG,1,2033,2.631578947
REGION1,SENGGCPH2,SENG,1,2034,2.631578947
REGION1,SENGGCPH2,SENG,1,2035,2.631578947
REGION1,SENGGCPH2,SENG,1,2036,2.631578947
REGION1,SENGGCPH2,SENG,1,2037,2.631578947
REGION1,SENGGCPH2,SENG,1,2038,2.631578947
REGION1,SENGGCPH2,SENG,1,2039,2.631578947
REGION1,SENGGCPH2,SENG,1,2040,2.631578947
REGION1,SENGGCPH2,SENG,1,2041,2.631578947
REGION1,SENGGCPH2,SENG,1,2042,2.631578947
REGION1,SENGGCPH2,SENG,1,2043,2.631578947
REGION1,SENGGCPH2,SENG,1,2044,2.631578947
REGION1,SENGGCPH2,SENG,1,2045,2.631578947
REGION1,SENGGCPH2,SENG,1,2046,2.631578947
REGION1,SENGGCPH2,SENG,1,2047,2.631578947
REGION1,SENGGCPH2,SENG,1,2048,2.631578947
REGION1,SENGGCPH2,SENG,1,2049,2.631578947
REGION1,SENGGCPH2,SENG,1,2050,2.631578947
REGION1,SENGGCPH2,SENG,1,2051,2.631578947
REGION1,SENGGCPH2,SENG,1,2052,2.631578947
REGION1,SENGGCPH2,SENG,1,2053,2.631578947
REGION1,SENGGCPH2,SENG,1,2054,2.631578947
REGION1,SENGGCPH2,SENG,1,2055,2.631578947
REGION1,SENGGCPH2,SENG,1,2056,2.631578947
REGION1,SENGGCPH2,SENG,1,2057,2.631578947
REGION1,SENGGCPH2,SENG,1,2058,2.631578947
REGION1,SENGGCPH2,SENG,1,2059,2.631578947
REGION1,SENGGCPH2,SENG,1,2060,2.631578947
REGION1,SENGGCPN2,SENG,1,2015,2.5
REGION1,SENGGCPN2,SENG,1,2016,2.5
REGION1,SENGGCPN2,SENG,1,2017,2.5
REGION1,SENGGCPN2,SENG,1,2018,2.5
REGION1,SENGGCPN2,SENG,1,2019,2.5
REGION1,SENGGCPN2,SENG,1,2020,2.5
REGION1,SENGGCPN2,SENG,1,2021,2.48255814
REGION1,SENGGCPN2,SENG,1,2022,2.465116279
REGION1,SENGGCPN2,SENG,1,2023,2.447674419
REGION1,SENGGCPN2,SENG,1,2024,2.430232558
REGION1,SENGGCPN2,SENG,1,2025,2.412790698
REGION1,SENGGCPN2,SENG,1,2026,2.395348837
REGION1,SENGGCPN2,SENG,1,2027,2.377906977
REGION1,SENGGCPN2,SENG,1,2028,2.360465116
REGION1,SENGGCPN2,SENG,1,2029,2.343023256
REGION1,SENGGCPN2,SENG,1,2030,2.325581395
REGION1,SENGGCPN2,SENG,1,2031,2.320295983
REGION1,SENGGCPN2,SENG,1,2032,2.315010571
REGION1,SENGGCPN2,SENG,1,2033,2.309725159
REGION1,SENGGCPN2,SENG,1,2034,2.304439746
REGION1,SENGGCPN2,SENG,1,2035,2.299154334
REGION1,SENGGCPN2,SENG,1,2036,2.293868922
REGION1,SENGGCPN2,SENG,1,2037,2.28858351
REGION1,SENGGCPN2,SENG,1,2038,2.283298097
REGION1,SENGGCPN2,SENG,1,2039,2.278012685
REGION1,SENGGCPN2,SENG,1,2040,2.272727273
REGION1,SENGGCPN2,SENG,1,2041,2.267676768
REGION1,SENGGCPN2,SENG,1,2042,2.262626263
REGION1,SENGGCPN2,SENG,1,2043,2.257575758
REGION1,SENGGCPN2,SENG,1,2044,2.252525253
REGION1,SENGGCPN2,SENG,1,2045,2.247474747
REGION1,SENGGCPN2,SENG,1,2046,2.242424242
REGION1,SENGGCPN2,SENG,1,2047,2.237373737
REGION1,SENGGCPN2,SENG,1,2048,2.232323232
REGION1,SENGGCPN2,SENG,1,2049,2.227272727
REGION1,SENGGCPN2,SENG,1,2050,2.222222222
REGION1,SENGGCPN2,SENG,1,2051,2.222222222
REGION1,SENGGCPN2,SENG,1,2052,2.222222222
REGION1,SENGGCPN2,SENG,1,2053,2.222222222
REGION1,SENGGCPN2,SENG,1,2054,2.222222222
REGION1,SENGGCPN2,SENG,1,2055,2.222222222
REGION1,SENGGCPN2,SENG,1,2056,2.222222222
REGION1,SENGGCPN2,SENG,1,2057,2.222222222
REGION1,SENGGCPN2,SENG,1,2058,2.222222222
REGION1,SENGGCPN2,SENG,1,2059,2.222222222
REGION1,SENGGCPN2,SENG,1,2060,2.222222222
REGION1,SENGHPFH1,SENG,1,2015,2.941176471
REGION1,SENGHPFH1,SENG,1,2016,2.941176471
REGION1,SENGHPFH1,SENG,1,2017,2.941176471
REGION1,SENGHPFH1,SENG,1,2018,2.941176471
REGION1,SENGHPFH1,SENG,1,2019,2.941176471
REGION1,SENGHPFH1,SENG,1,2020,2.941176471
REGION1,SENGHPFH1,SENG,1,2021,2.941176471
REGION1,SENGHPFH1,SENG,1,2022,2.941176471
REGION1,SENGHPFH1,SENG,1,2023,2.941176471
REGION1,SENGHPFH1,SENG,1,2024,2.941176471
REGION1,SENGHPFH1,SENG,1,2025,2.941176471
REGION1,SENGHPFH1,SENG,1,2026,2.941176471
REGION1,SENGHPFH1,SENG,1,2027,2.941176471
REGION1,SENGHPFH1,SENG,1,2028,2.941176471
REGION1,SENGHPFH1,SENG,1,2029,2.941176471
REGION1,SENGHPFH1,SENG,1,2030,2.941176471
REGION1,SENGHPFH1,SENG,1,2031,2.941176471
REGION1,SENGHPFH1,SENG,1,2032,2.941176471
REGION1,SENGHPFH1,SENG,1,2033,2.941176471
REGION1,SENGHPFH1,SENG,1,2034,2.941176471
REGION1,SENGHPFH1,SENG,1,2035,2.941176471
REGION1,SENGHPFH1,SENG,1,2036,2.941176471
REGION1,SENGHPFH1,SENG,1,2037,2.941176471
REGION1,SENGHPFH1,SENG,1,2038,2.941176471
REGION1,SENGHPFH1,SENG,1,2039,2.941176471
REGION1,SENGHPFH1,SENG,1,2040,2.941176471
REGION1,SENGHPFH1,SENG,1,2041,2.941176471
REGION1,SENGHPFH1,SENG,1,2042,2.941176471
REGION1,SENGHPFH1,SENG,1,2043,2.941176471
REGION1,SENGHPFH1,SENG,1,2044,2.941176471
REGION1,SENGHPFH1,SENG,1,2045,2.941176471
REGION1,SENGHPFH1,SENG,1,2046,2.941176471
REGION1,SENGHPFH1,SENG,1,2047,2.941176471
REGION1,SENGHPFH1,SENG,1,2048,2.941176471
REGION1,SENGHPFH1,SENG,1,2049,2.941176471
REGION1,SENGHPFH1,SENG,1,2050,2.941176471
REGION1,SENGHPFH1,SENG,1,2051,2.941176471
REGION1,SENGHPFH1,SENG,1,2052,2.941176471
REGION1,SENGHPFH1,SENG,1,2053,2.941176471
REGION1,SENGHPFH1,SENG,1,2054,2.941176471
REGION1,SENGHPFH1,SENG,1,2055,2.941176471
REGION1,SENGHPFH1,SENG,1,2056,2.941176471
REGION1,SENGHPFH1,SENG,1,2057,2.941176471
REGION1,SENGHPFH1,SENG,1,2058,2.941176471
REGION1,SENGHPFH1,SENG,1,2059,2.941176471
REGION1,SENGHPFH1,SENG,1,2060,2.941176471
REGION1,SENGHPPH2,SENG,1,2015,2.403846154
REGION1,SENGHPPH2,SENG,1,2016,2.403846154
REGION1,SENGHPPH2,SENG,1,2017,2.403846154
REGION1,SENGHPPH2,SENG,1,2018,2.403846154
REGION1,SENGHPPH2,SENG,1,2019,2.403846154
REGION1,SENGHPPH2,SENG,1,2020,2.403846154
REGION1,SENGHPPH2,SENG,1,2021,2.403846154
REGION1,SENGHPPH2,SENG,1,2022,2.403846154
REGION1,SENGHPPH2,SENG,1,2023,2.403846154
REGION1,SENGHPPH2,SENG,1,2024,2.403846154
REGION1,SENGHPPH2,SENG,1,2025,2.403846154
REGION1,SENGHPPH2,SENG,1,2026,2.403846154
REGION1,SENGHPPH2,SENG,1,2027,2.403846154
REGION1,SENGHPPH2,SENG,1,2028,2.403846154
REGION1,SENGHPPH2,SENG,1,2029,2.403846154
REGION1,SENGHPPH2,SENG,1,2030,2.403846154
REGION1,SENGHPPH2,SENG,1,2031,2.403846154
REGION1,SENGHPPH2,SENG,1,2032,2.403846154
REGION1,SENGHPPH2,SENG,1,2033,2.403846154
REGION1,SENGHPPH2,SENG,1,2034,2.403846154
REGION1,SENGHPPH2,SENG,1,2035,2.403846154
REGION1,SENGHPPH2,SENG,1,2036,2.403846154
REGION1,SENGHPPH2,SENG,1,2037,2.403846154
REGION1,SENGHPPH2,SENG,1,2038,2.403846154
REGION1,SENGHPPH2,SENG,1,2039,2.403846154
REGION1,SENGHPPH2,SENG,1,2040,2.403846154
REGION1,SENGHPPH2,SENG,1,2041,2.403846154
REGION1,SENGHPPH2,SENG,1,2042,2.403846154
REGION1,SENGHPPH2,SENG,1,2043,2.403846154
REGION1,SENGHPPH2,SENG,1,2044,2.403846154
REGION1,SENGHPPH2,SENG,1,2045,2.403846154
REGION1,SENGHPPH2,SENG,1,2046,2.403846154
REGION1,SENGHPPH2,SENG,1,2047,2.403846154
REGION1,SENGHPPH2,SENG,1,2048,2.403846154
REGION1,SENGHPPH2,SENG,1,2049,2.403846154
REGION1,SENGHPPH2,SENG,1,2050,2.403846154
REGION1,SENGHPPH2,SENG,1,2051,2.403846154
REGION1,SENGHPPH2,SENG,1,2052,2.403846154
REGION1,SENGHPPH2,SENG,1,2053,2.403846154
REGION1,SENGHPPH2,SENG,1,2054,2.403846154
REGION1,SENGHPPH2,SENG,1,2055,2.403846154
REGION1,SENGHPPH2,SENG,1,2056,2.403846154
REGION1,SENGHPPH2,SENG,1,2057,2.403846154
REGION1,SENGHPPH2,SENG,1,2058,2.403846154
REGION1,SENGHPPH2,SENG,1,2059,2.403846154
REGION1,SENGHPPH2,SENG,1,2060,2.403846154
REGION1,SENGSTPH2,SENG,1,2015,2.325581395
REGION1,SENGSTPH2,SENG,1,2016,2.325581395
REGION1,SENGSTPH2,SENG,1,2017,2.325581395
REGION1,SENGSTPH2,SENG,1,2018,2.325581395
REGION1,SENGSTPH2,SENG,1,2019,2.325581395
REGION1,SENGSTPH2,SENG,1,2020,2.325581395
REGION1,SENGSTPH2,SENG,1,2021,2.325581395
REGION1,SENGSTPH2,SENG,1,2022,2.325581395
REGION1,SENGSTPH2,SENG,1,2023,2.325581395
REGION1,SENGSTPH2,SENG,1,2024,2.325581395
REGION1,SENGSTPH2,SENG,1,2025,2.325581395
REGION1,SENGSTPH2,SENG,1,2026,2.325581395
REGION1,SENGSTPH2,SENG,1,2027,2.325581395
REGION1,SENGSTPH2,SENG,1,2028,2.325581395
REGION1,SENGSTPH2,SENG,1,2029,2.325581395
REGION1,SENGSTPH2,SENG,1,2030,2.325581395
REGION1,SENGSTPH2,SENG,1,2031,2.325581395
REGION1,SENGSTPH2,SENG,1,2032,2.325581395
REGION1,SENGSTPH2,SENG,1,2033,2.325581395
REGION1,SENGSTPH2,SENG,1,2034,2.325581395
REGION1,SENGSTPH2,SENG,1,2035,2.325581395
REGION1,SENGSTPH2,SENG,1,2036,2.325581395
REGION1,SENGSTPH2,SENG,1,2037,2.325581395
REGION1,SENGSTPH2,SENG,1,2038,2.325581395
REGION1,SENGSTPH2,SENG,1,2039,2.325581395
REGION1,SENGSTPH2,SENG,1,2040,2.325581395
REGION1,SENGSTPH2,SENG,1,2041,2.325581395
REGION1,SENGSTPH2,SENG,1,2042,2.325581395
REGION1,SENGSTPH2,SENG,1,2043,2.325581395
REGION1,SENGSTPH2,SENG,1,2044,2.325581395
REGION1,SENGSTPH2,SENG,1,2045,2.325581395
REGION1,SENGSTPH2,SENG,1,2046,2.325581395
REGION1,SENGSTPH2,SENG,1,2047,2.325581395
REGION1,SENGSTPH2,SENG,1,2048,2.325581395
REGION1,SENGSTPH2,SENG,1,2049,2.325581395
REGION1,SENGSTPH2,SENG,1,2050,2.325581395
REGION1,SENGSTPH2,SENG,1,2051,2.325581395
REGION1,SENGSTPH2,SENG,1,2052,2.325581395
REGION1,SENGSTPH2,SENG,1,2053,2.325581395
REGION1,SENGSTPH2,SENG,1,2054,2.325581395
REGION1,SENGSTPH2,SENG,1,2055,2.325581395
REGION1,SENGSTPH2,SENG,1,2056,2.325581395
REGION1,SENGSTPH2,SENG,1,2057,2.325581395
REGION1,SENGSTPH2,SENG,1,2058,2.325581395
REGION1,SENGSTPH2,SENG,1,2059,2.325581395
REGION1,SENGSTPH2,SENG,1,2060,2.325581395
REGION1,SENUG2PH3,SEUR,1,2015,3.03030303
REGION1,SENUG2PH3,SEUR,1,2016,3.03030303
REGION1,SENUG2PH3,SEUR,1,2017,3.03030303
REGION1,SENUG2PH3,SEUR,1,2018,3.03030303
REGION1,SENUG2PH3,SEUR,1,2019,3.03030303
REGION1,SENUG2PH3,SEUR,1,2020,3.03030303
REGION1,SENUG2PH3,SEUR,1,2021,3.03030303
REGION1,SENUG2PH3,SEUR,1,2022,3.03030303
REGION1,SENUG2PH3,SEUR,1,2023,3.03030303
REGION1,SENUG2PH3,SEUR,1,2024,3.03030303
REGION1,SENUG2PH3,SEUR,1,2025,3.03030303
REGION1,SENUG2PH3,SEUR,1,2026,3.03030303
REGION1,SENUG2PH3,SEUR,1,2027,3.03030303
REGION1,SENUG2PH3,SEUR,1,2028,3.03030303
REGION1,SENUG2PH3,SEUR,1,2029,3.03030303
REGION1,SENUG2PH3,SEUR,1,2030,3.03030303
REGION1,SENUG2PH3,SEUR,1,2031,3.03030303
REGION1,SENUG2PH3,SEUR,1,2032,3.03030303
REGION1,SENUG2PH3,SEUR,1,2033,3.03030303
REGION1,SENUG2PH3,SEUR,1,2034,3.03030303
REGION1,SENUG2PH3,SEUR,1,2035,3.03030303
REGION1,SENUG2PH3,SEUR,1,2036,3.03030303
REGION1,SENUG2PH3,SEUR,1,2037,3.03030303
REGION1,SENUG2PH3,SEUR,1,2038,3.03030303
REGION1,SENUG2PH3,SEUR,1,2039,3.03030303
REGION1,SENUG2PH3,SEUR,1,2040,3.03030303
REGION1,SENUG2PH3,SEUR,1,2041,3.03030303
REGION1,SENUG2PH3,SEUR,1,2042,3.03030303
REGION1,SENUG2PH3,SEUR,1,2043,3.03030303
REGION1,SENUG2PH3,SEUR,1,2044,3.03030303
REGION1,SENUG2PH3,SEUR,1,2045,3.03030303
REGION1,SENUG2PH3,SEUR,1,2046,3.03030303
REGION1,SENUG2PH3,SEUR,1,2047,3.03030303
REGION1,SENUG2PH3,SEUR,1,2048,3.03030303
REGION1,SENUG2PH3,SEUR,1,2049,3.03030303
REGION1,SENUG2PH3,SEUR,1,2050,3.03030303
REGION1,SENUG2PH3,SEUR,1,2051,3.03030303
REGION1,SENUG2PH3,SEUR,1,2052,3.03030303
REGION1,SENUG2PH3,SEUR,1,2053,3.03030303
REGION1,SENUG2PH3,SEUR,1,2054,3.03030303
REGION1,SENUG2PH3,SEUR,1,2055,3.03030303
REGION1,SENUG2PH3,SEUR,1,2056,3.03030303
REGION1,SENUG2PH3,SEUR,1,2057,3.03030303
REGION1,SENUG2PH3,SEUR,1,2058,3.03030303
REGION1,SENUG2PH3,SEUR,1,2059,3.03030303
REGION1,SENUG2PH3,SEUR,1,2060,3.03030303
REGION1,SENUG3PN3,SEUR,1,2015,3.03030303
REGION1,SENUG3PN3,SEUR,1,2016,3.03030303
REGION1,SENUG3PN3,SEUR,1,2017,3.03030303
REGION1,SENUG3PN3,SEUR,1,2018,3.03030303
REGION1,SENUG3PN3,SEUR,1,2019,3.03030303
REGION1,SENUG3PN3,SEUR,1,2020,3.03030303
REGION1,SENUG3PN3,SEUR,1,2021,3.03030303
REGION1,SENUG3PN3,SEUR,1,2022,3.03030303
REGION1,SENUG3PN3,SEUR,1,2023,3.03030303
REGION1,SENUG3PN3,SEUR,1,2024,3.03030303
REGION1,SENUG3PN3,SEUR,1,2025,3.03030303
REGION1,SENUG3PN3,SEUR,1,2026,3.03030303
REGION1,SENUG3PN3,SEUR,1,2027,3.03030303
REGION1,SENUG3PN3,SEUR,1,2028,3.03030303
REGION1,SENUG3PN3,SEUR,1,2029,3.03030303
REGION1,SENUG3PN3,SEUR,1,2030,3.03030303
REGION1,SENUG3PN3,SEUR,1,2031,3.03030303
REGION1,SENUG3PN3,SEUR,1,2032,3.03030303
REGION1,SENUG3PN3,SEUR,1,2033,3.03030303
REGION1,SENUG3PN3,SEUR,1,2034,3.03030303
REGION1,SENUG3PN3,SEUR,1,2035,3.03030303
REGION1,SENUG3PN3,SEUR,1,2036,3.03030303
REGION1,SENUG3PN3,SEUR,1,2037,3.03030303
REGION1,SENUG3PN3,SEUR,1,2038,3.03030303
REGION1,SENUG3PN3,SEUR,1,2039,3.03030303
REGION1,SENUG3PN3,SEUR,1,2040,3.03030303
REGION1,SENUG3PN3,SEUR,1,2041,3.03030303
REGION1,SENUG3PN3,SEUR,1,2042,3.03030303
REGION1,SENUG3PN3,SEUR,1,2043,3.03030303
REGION1,SENUG3PN3,SEUR,1,2044,3.03030303
REGION1,SENUG3PN3,SEUR,1,2045,3.03030303
REGION1,SENUG3PN3,SEUR,1,2046,3.03030303
REGION1,SENUG3PN3,SEUR,1,2047,3.03030303
REGION1,SENUG3PN3,SEUR,1,2048,3.03030303
REGION1,SENUG3PN3,SEUR,1,2049,3.03030303
REGION1,SENUG3PN3,SEUR,1,2050,3.03030303
REGION1,SENUG3PN3,SEUR,1,2051,3.03030303
REGION1,SENUG3PN3,SEUR,1,2052,3.03030303
REGION1,SENUG3PN3,SEUR,1,2053,3.03030303
REGION1,SENUG3PN3,SEUR,1,2054,3.03030303
REGION1,SENUG3PN3,SEUR,1,2055,3.03030303
REGION1,SENUG3PN3,SEUR,1,2056,3.03030303
REGION1,SENUG3PN3,SEUR,1,2057,3.03030303
REGION1,SENUG3PN3,SEUR,1,2058,3.03030303
REGION1,SENUG3PN3,SEUR,1,2059,3.03030303
REGION1,SENUG3PN3,SEUR,1,2060,3.03030303
REGION1,SEWSCHPH2,SEWS,1,2015,3.703703704
REGION1,SEWSCHPH2,SEWS,1,2016,3.608124253
REGION1,SEWSCHPH2,SEWS,1,2017,3.512544803
REGION1,SEWSCHPH2,SEWS,1,2018,3.416965352
REGION1,SEWSCHPH2,SEWS,1,2019,3.321385902
REGION1,SEWSCHPH2,SEWS,1,2020,3.225806452
REGION1,SEWSCHPH2,SEWS,1,2021,3.197343454
REGION1,SEWSCHPH2,SEWS,1,2022,3.168880455
REGION1,SEWSCHPH2,SEWS,1,2023,3.140417457
REGION1,SEWSCHPH2,SEWS,1,2024,3.111954459
REGION1,SEWSCHPH2,SEWS,1,2025,3.083491461
REGION1,SEWSCHPH2,SEWS,1,2026,3.055028463
REGION1,SEWSCHPH2,SEWS,1,2027,3.026565465
REGION1,SEWSCHPH2,SEWS,1,2028,2.998102467
REGION1,SEWSCHPH2,SEWS,1,2029,2.969639469
REGION1,SEWSCHPH2,SEWS,1,2030,2.941176471
REGION1,SEWSCHPH2,SEWS,1,2031,2.917329094
REGION1,SEWSCHPH2,SEWS,1,2032,2.893481717
REGION1,SEWSCHPH2,SEWS,1,2033,2.86963434
REGION1,SEWSCHPH2,SEWS,1,2034,2.845786963
REGION1,SEWSCHPH2,SEWS,1,2035,2.821939587
REGION1,SEWSCHPH2,SEWS,1,2036,2.79809221
REGION1,SEWSCHPH2,SEWS,1,2037,2.774244833
REGION1,SEWSCHPH2,SEWS,1,2038,2.750397456
REGION1,SEWSCHPH2,SEWS,1,2039,2.726550079
REGION1,SEWSCHPH2,SEWS,1,2040,2.702702703
REGION1,SEWSCHPH2,SEWS,1,2041,2.670527671
REGION1,SEWSCHPH2,SEWS,1,2042,2.638352638
REGION1,SEWSCHPH2,SEWS,1,2043,2.606177606
REGION1,SEWSCHPH2,SEWS,1,2044,2.574002574
REGION1,SEWSCHPH2,SEWS,1,2045,2.541827542
REGION1,SEWSCHPH2,SEWS,1,2046,2.50965251
REGION1,SEWSCHPH2,SEWS,1,2047,2.477477477
REGION1,SEWSCHPH2,SEWS,1,2048,2.445302445
REGION1,SEWSCHPH2,SEWS,1,2049,2.413127413
REGION1,SEWSCHPH2,SEWS,1,2050,2.380952381
REGION1,SEWSCHPH2,SEWS,1,2051,2.380952381
REGION1,SEWSCHPH2,SEWS,1,2052,2.380952381
REGION1,SEWSCHPH2,SEWS,1,2053,2.380952381
REGION1,SEWSCHPH2,SEWS,1,2054,2.380952381
REGION1,SEWSCHPH2,SEWS,1,2055,2.380952381
REGION1,SEWSCHPH2,SEWS,1,2056,2.380952381
REGION1,SEWSCHPH2,SEWS,1,2057,2.380952381
REGION1,SEWSCHPH2,SEWS,1,2058,2.380952381
REGION1,SEWSCHPH2,SEWS,1,2059,2.380952381
REGION1,SEWSCHPH2,SEWS,1,2060,2.380952381
REGION1,SEWSSTPH1,SEWS,1,2015,2.941176471
REGION1,SEWSSTPH1,SEWS,1,2016,2.924369748
REGION1,SEWSSTPH1,SEWS,1,2017,2.907563025
REGION1,SEWSSTPH1,SEWS,1,2018,2.890756303
REGION1,SEWSSTPH1,SEWS,1,2019,2.87394958
REGION1,SEWSSTPH1,SEWS,1,2020,2.857142857
REGION1,SEWSSTPH1,SEWS,1,2021,2.849206349
REGION1,SEWSSTPH1,SEWS,1,2022,2.841269841
REGION1,SEWSSTPH1,SEWS,1,2023,2.833333333
REGION1,SEWSSTPH1,SEWS,1,2024,2.825396825
REGION1,SEWSSTPH1,SEWS,1,2025,2.817460317
REGION1,SEWSSTPH1,SEWS,1,2026,2.80952381
REGION1,SEWSSTPH1,SEWS,1,2027,2.801587302
REGION1,SEWSSTPH1,SEWS,1,2028,2.793650794
REGION1,SEWSSTPH1,SEWS,1,2029,2.785714286
REGION1,SEWSSTPH1,SEWS,1,2030,2.777777778
REGION1,SEWSSTPH1,SEWS,1,2031,2.763157895
REGION1,SEWSSTPH1,SEWS,1,2032,2.748538012
REGION1,SEWSSTPH1,SEWS,1,2033,2.733918129
REGION1,SEWSSTPH1,SEWS,1,2034,2.719298246
REGION1,SEWSSTPH1,SEWS,1,2035,2.704678363
REGION1,SEWSSTPH1,SEWS,1,2036,2.69005848
REGION1,SEWSSTPH1,SEWS,1,2037,2.675438596
REGION1,SEWSSTPH1,SEWS,1,2038,2.660818713
REGION1,SEWSSTPH1,SEWS,1,2039,2.64619883
REGION1,SEWSSTPH1,SEWS,1,2040,2.631578947
REGION1,SEWSSTPH1,SEWS,1,2041,2.631578947
REGION1,SEWSSTPH1,SEWS,1,2042,2.631578947
REGION1,SEWSSTPH1,SEWS,1,2043,2.631578947
REGION1,SEWSSTPH1,SEWS,1,2044,2.631578947
REGION1,SEWSSTPH1,SEWS,1,2045,2.631578947
REGION1,SEWSSTPH1,SEWS,1,2046,2.631578947
REGION1,SEWSSTPH1,SEWS,1,2047,2.631578947
REGION1,SEWSSTPH1,SEWS,1,2048,2.631578947
REGION1,SEWSSTPH1,SEWS,1,2049,2.631578947
REGION1,SEWSSTPH1,SEWS,1,2050,2.631578947
REGION1,SEWSSTPH1,SEWS,1,2051,2.631578947
REGION1,SEWSSTPH1,SEWS,1,2052,2.631578947
REGION1,SEWSSTPH1,SEWS,1,2053,2.631578947
REGION1,SEWSSTPH1,SEWS,1,2054,2.631578947
REGION1,SEWSSTPH1,SEWS,1,2055,2.631578947
REGION1,SEWSSTPH1,SEWS,1,2056,2.631578947
REGION1,SEWSSTPH1,SEWS,1,2057,2.631578947
REGION1,SEWSSTPH1,SEWS,1,2058,2.631578947
REGION1,SEWSSTPH1,SEWS,1,2059,2.631578947
REGION1,SEWSSTPH1,SEWS,1,2060,2.631578947
REGION1,SEstCO001,SECK,1,2015,10.206
REGION1,SEstCO001,SECK,1,2016,10.206
REGION1,SEstCO001,SECK,1,2017,10.206
REGION1,SEstCO001,SECK,1,2018,10.206
REGION1,SEstCO001,SECK,1,2019,10.206
REGION1,SEstCO001,SECK,1,2020,10.206
REGION1,SEstCO001,SECK,1,2021,10.206
REGION1,SEstCO001,SECK,1,2022,10.206
REGION1,SEstCO001,SECK,1,2023,10.206
REGION1,SEstCO001,SECK,1,2024,10.206
REGION1,SEstCO001,SECK,1,2025,10.206
REGION1,SEstCO001,SECK,1,2026,10.206
REGION1,SEstCO001,SECK,1,2027,10.206
REGION1,SEstCO001,SECK,1,2028,10.206
REGION1,SEstCO001,SECK,1,2029,10.206
REGION1,SEstCO001,SECK,1,2030,10.206
REGION1,SEstCO001,SECK,1,2031,10.206
REGION1,SEstCO001,SECK,1,2032,10.206
REGION1,SEstCO001,SECK,1,2033,10.206
REGION1,SEstCO001,SECK,1,2034,10.206
REGION1,SEstCO001,SECK,1,2035,10.206
REGION1,SEstCO001,SECK,1,2036,10.206
REGION1,SEstCO001,SECK,1,2037,10.206
REGION1,SEstCO001,SECK,1,2038,10.206
REGION1,SEstCO001,SECK,1,2039,10.206
REGION1,SEstCO001,SECK,1,2040,10.206
REGION1,SEstCO001,SECK,1,2041,10.206
REGION1,SEstCO001,SECK,1,2042,10.206
REGION1,SEstCO001,SECK,1,2043,10.206
REGION1,SEstCO001,SECK,1,2044,10.206
REGION1,SEstCO001,SECK,1,2045,10.206
REGION1,SEstCO001,SECK,1,2046,10.206
REGION1,SEstCO001,SECK,1,2047,10.206
REGION1,SEstCO001,SECK,1,2048,10.206
REGION1,SEstCO001,SECK,1,2049,10.206
REGION1,SEstCO001,SECK,1,2050,10.206
REGION1,SEstCO001,SECK,1,2051,10.206
REGION1,SEstCO001,SECK,1,2052,10.206
REGION1,SEstCO001,SECK,1,2053,10.206
REGION1,SEstCO001,SECK,1,2054,10.206
REGION1,SEstCO001,SECK,1,2055,10.206
REGION1,SEstCO001,SECK,1,2056,10.206
REGION1,SEstCO001,SECK,1,2057,10.206
REGION1,SEstCO001,SECK,1,2058,10.206
REGION1,SEstCO001,SECK,1,2059,10.206
REGION1,SEstCO001,SECK,1,2060,10.206
REGION1,SEstCO001,SEE2,1,2015,0.3888
REGION1,SEstCO001,SEE2,1,2016,0.3888
REGION1,SEstCO001,SEE2,1,2017,0.3888
REGION1,SEstCO001,SEE2,1,2018,0.3888
REGION1,SEstCO001,SEE2,1,2019,0.3888
REGION1,SEstCO001,SEE2,1,2020,0.3888
REGION1,SEstCO001,SEE2,1,2021,0.3888
REGION1,SEstCO001,SEE2,1,2022,0.3888
REGION1,SEstCO001,SEE2,1,2023,0.3888
REGION1,SEstCO001,SEE2,1,2024,0.3888
REGION1,SEstCO001,SEE2,1,2025,0.3888
REGION1,SEstCO001,SEE2,1,2026,0.3888
REGION1,SEstCO001,SEE2,1,2027,0.3888
REGION1,SEstCO001,SEE2,1,2028,0.3888
REGION1,SEstCO001,SEE2,1,2029,0.3888
REGION1,SEstCO001,SEE2,1,2030,0.3888
REGION1,SEstCO001,SEE2,1,2031,0.3888
REGION1,SEstCO001,SEE2,1,2032,0.3888
REGION1,SEstCO001,SEE2,1,2033,0.3888
REGION1,SEstCO001,SEE2,1,2034,0.3888
REGION1,SEstCO001,SEE2,1,2035,0.3888
REGION1,SEstCO001,SEE2,1,2036,0.3888
REGION1,SEstCO001,SEE2,1,2037,0.3888
REGION1,SEstCO001,SEE2,1,2038,0.3888
REGION1,SEstCO001,SEE2,1,2039,0.3888
REGION1,SEstCO001,SEE2,1,2040,0.3888
REGION1,SEstCO001,SEE2,1,2041,0.3888
REGION1,SEstCO001,SEE2,1,2042,0.3888
REGION1,SEstCO001,SEE2,1,2043,0.3888
REGION1,SEstCO001,SEE2,1,2044,0.3888
REGION1,SEstCO001,SEE2,1,2045,0.3888
REGION1,SEstCO001,SEE2,1,2046,0.3888
REGION1,SEstCO001,SEE2,1,2047,0.3888
REGION1,SEstCO001,SEE2,1,2048,0.3888
REGION1,SEstCO001,SEE2,1,2049,0.3888
REGION1,SEstCO001,SEE2,1,2050,0.3888
REGION1,SEstCO001,SEE2,1,2051,0.3888
REGION1,SEstCO001,SEE2,1,2052,0.3888
REGION1,SEstCO001,SEE2,1,2053,0.3888
REGION1,SEstCO001,SEE2,1,2054,0.3888
REGION1,SEstCO001,SEE2,1,2055,0.3888
REGION1,SEstCO001,SEE2,1,2056,0.3888
REGION1,SEstCO001,SEE2,1,2057,0.3888
REGION1,SEstCO001,SEE2,1,2058,0.3888
REGION1,SEstCO001,SEE2,1,2059,0.3888
REGION1,SEstCO001,SEE2,1,2060,0.3888
REGION1,SEstCO001,SECO,1,2015,4.9716
REGION1,SEstCO001,SECO,1,2016,4.9716
REGION1,SEstCO001,SECO,1,2017,4.9716
REGION1,SEstCO001,SECO,1,2018,4.9716
REGION1,SEstCO001,SECO,1,2019,4.9716
REGION1,SEstCO001,SECO,1,2020,4.9716
REGION1,SEstCO001,SECO,1,2021,4.9716
REGION1,SEstCO001,SECO,1,2022,4.9716
REGION1,SEstCO001,SECO,1,2023,4.9716
REGION1,SEstCO001,SECO,1,2024,4.9716
REGION1,SEstCO001,SECO,1,2025,4.9716
REGION1,SEstCO001,SECO,1,2026,4.9716
REGION1,SEstCO001,SECO,1,2027,4.9716
REGION1,SEstCO001,SECO,1,2028,4.9716
REGION1,SEstCO001,SECO,1,2029,4.9716
REGION1,SEstCO001,SECO,1,2030,4.9716
REGION1,SEstCO001,SECO,1,2031,4.9716
REGION1,SEstCO001,SECO,1,2032,4.9716
REGION1,SEstCO001,SECO,1,2033,4.9716
REGION1,SEstCO001,SECO,1,2034,4.9716
REGION1,SEstCO001,SECO,1,2035,4.9716
REGION1,SEstCO001,SECO,1,2036,4.9716
REGION1,SEstCO001,SECO,1,2037,4.9716
REGION1,SEstCO001,SECO,1,2038,4.9716
REGION1,SEstCO001,SECO,1,2039,4.9716
REGION1,SEstCO001,SECO,1,2040,4.9716
REGION1,SEstCO001,SECO,1,2041,4.9716
REGION1,SEstCO001,SECO,1,2042,4.9716
REGION1,SEstCO001,SECO,1,2043,4.9716
REGION1,SEstCO001,SECO,1,2044,4.9716
REGION1,SEstCO001,SECO,1,2045,4.9716
REGION1,SEstCO001,SECO,1,2046,4.9716
REGION1,SEstCO001,SECO,1,2047,4.9716
REGION1,SEstCO001,SECO,1,2048,4.9716
REGION1,SEstCO001,SECO,1,2049,4.9716
REGION1,SEstCO001,SECO,1,2050,4.9716
REGION1,SEstCO001,SECO,1,2051,4.9716
REGION1,SEstCO001,SECO,1,2052,4.9716
REGION1,SEstCO001,SECO,1,2053,4.9716
REGION1,SEstCO001,SECO,1,2054,4.9716
REGION1,SEstCO001,SECO,1,2055,4.9716
REGION1,SEstCO001,SECO,1,2056,4.9716
REGION1,SEstCO001,SECO,1,2057,4.9716
REGION1,SEstCO001,SECO,1,2058,4.9716
REGION1,SEstCO001,SECO,1,2059,4.9716
REGION1,SEstCO001,SECO,1,2060,4.9716
REGION1,SEstCO001,SENG,1,2015,1.4688
REGION1,SEstCO001,SENG,1,2016,1.4688
REGION1,SEstCO001,SENG,1,2017,1.4688
REGION1,SEstCO001,SENG,1,2018,1.4688
REGION1,SEstCO001,SENG,1,2019,1.4688
REGION1,SEstCO001,SENG,1,2020,1.4688
REGION1,SEstCO001,SENG,1,2021,1.4688
REGION1,SEstCO001,SENG,1,2022,1.4688
REGION1,SEstCO001,SENG,1,2023,1.4688
REGION1,SEstCO001,SENG,1,2024,1.4688
REGION1,SEstCO001,SENG,1,2025,1.4688
REGION1,SEstCO001,SENG,1,2026,1.4688
REGION1,SEstCO001,SENG,1,2027,1.4688
REGION1,SEstCO001,SENG,1,2028,1.4688
REGION1,SEstCO001,SENG,1,2029,1.4688
REGION1,SEstCO001,SENG,1,2030,1.4688
REGION1,SEstCO001,SENG,1,2031,1.4688
REGION1,SEstCO001,SENG,1,2032,1.4688
REGION1,SEstCO001,SENG,1,2033,1.4688
REGION1,SEstCO001,SENG,1,2034,1.4688
REGION1,SEstCO001,SENG,1,2035,1.4688
REGION1,SEstCO001,SENG,1,2036,1.4688
REGION1,SEstCO001,SENG,1,2037,1.4688
REGION1,SEstCO001,SENG,1,2038,1.4688
REGION1,SEstCO001,SENG,1,2039,1.4688
REGION1,SEstCO001,SENG,1,2040,1.4688
REGION1,SEstCO001,SENG,1,2041,1.4688
REGION1,SEstCO001,SENG,1,2042,1.4688
REGION1,SEstCO001,SENG,1,2043,1.4688
REGION1,SEstCO001,SENG,1,2044,1.4688
REGION1,SEstCO001,SENG,1,2045,1.4688
REGION1,SEstCO001,SENG,1,2046,1.4688
REGION1,SEstCO001,SENG,1,2047,1.4688
REGION1,SEstCO001,SENG,1,2048,1.4688
REGION1,SEstCO001,SENG,1,2049,1.4688
REGION1,SEstCO001,SENG,1,2050,1.4688
REGION1,SEstCO001,SENG,1,2051,1.4688
REGION1,SEstCO001,SENG,1,2052,1.4688
REGION1,SEstCO001,SENG,1,2053,1.4688
REGION1,SEstCO001,SENG,1,2054,1.4688
REGION1,SEstCO001,SENG,1,2055,1.4688
REGION1,SEstCO001,SENG,1,2056,1.4688
REGION1,SEstCO001,SENG,1,2057,1.4688
REGION1,SEstCO001,SENG,1,2058,1.4688
REGION1,SEstCO001,SENG,1,2059,1.4688
REGION1,SEstCO001,SENG,1,2060,1.4688
REGION1,SEstCO001,SEOI,1,2015,0.5724
REGION1,SEstCO001,SEOI,1,2016,0.5724
REGION1,SEstCO001,SEOI,1,2017,0.5724
REGION1,SEstCO001,SEOI,1,2018,0.5724
REGION1,SEstCO001,SEOI,1,2019,0.5724
REGION1,SEstCO001,SEOI,1,2020,0.5724
REGION1,SEstCO001,SEOI,1,2021,0.5724
REGION1,SEstCO001,SEOI,1,2022,0.5724
REGION1,SEstCO001,SEOI,1,2023,0.5724
REGION1,SEstCO001,SEOI,1,2024,0.5724
REGION1,SEstCO001,SEOI,1,2025,0.5724
REGION1,SEstCO001,SEOI,1,2026,0.5724
REGION1,SEstCO001,SEOI,1,2027,0.5724
REGION1,SEstCO001,SEOI,1,2028,0.5724
REGION1,SEstCO001,SEOI,1,2029,0.5724
REGION1,SEstCO001,SEOI,1,2030,0.5724
REGION1,SEstCO001,SEOI,1,2031,0.5724
REGION1,SEstCO001,SEOI,1,2032,0.5724
REGION1,SEstCO001,SEOI,1,2033,0.5724
REGION1,SEstCO001,SEOI,1,2034,0.5724
REGION1,SEstCO001,SEOI,1,2035,0.5724
REGION1,SEstCO001,SEOI,1,2036,0.5724
REGION1,SEstCO001,SEOI,1,2037,0.5724
REGION1,SEstCO001,SEOI,1,2038,0.5724
REGION1,SEstCO001,SEOI,1,2039,0.5724
REGION1,SEstCO001,SEOI,1,2040,0.5724
REGION1,SEstCO001,SEOI,1,2041,0.5724
REGION1,SEstCO001,SEOI,1,2042,0.5724
REGION1,SEstCO001,SEOI,1,2043,0.5724
REGION1,SEstCO001,SEOI,1,2044,0.5724
REGION1,SEstCO001,SEOI,1,2045,0.5724
REGION1,SEstCO001,SEOI,1,2046,0.5724
REGION1,SEstCO001,SEOI,1,2047,0.5724
REGION1,SEstCO001,SEOI,1,2048,0.5724
REGION1,SEstCO001,SEOI,1,2049,0.5724
REGION1,SEstCO001,SEOI,1,2050,0.5724
REGION1,SEstCO001,SEOI,1,2051,0.5724
REGION1,SEstCO001,SEOI,1,2052,0.5724
REGION1,SEstCO001,SEOI,1,2053,0.5724
REGION1,SEstCO001,SEOI,1,2054,0.5724
REGION1,SEstCO001,SEOI,1,2055,0.5724
REGION1,SEstCO001,SEOI,1,2056,0.5724
REGION1,SEstCO001,SEOI,1,2057,0.5724
REGION1,SEstCO001,SEOI,1,2058,0.5724
REGION1,SEstCO001,SEOI,1,2059,0.5724
REGION1,SEstCO001,SEOI,1,2060,0.5724
REGION1,SEstTG002,SEBM,1,2015,4.7484
REGION1,SEstTG002,SEBM,1,2016,4.7484
REGION1,SEstTG002,SEBM,1,2017,4.7484
REGION1,SEstTG002,SEBM,1,2018,4.7484
REGION1,SEstTG002,SEBM,1,2019,4.7484
REGION1,SEstTG002,SEBM,1,2020,4.7484
REGION1,SEstTG002,SEBM,1,2021,4.7484
REGION1,SEstTG002,SEBM,1,2022,4.7484
REGION1,SEstTG002,SEBM,1,2023,4.7484
REGION1,SEstTG002,SEBM,1,2024,4.7484
REGION1,SEstTG002,SEBM,1,2025,4.7484
REGION1,SEstTG002,SEBM,1,2026,4.7484
REGION1,SEstTG002,SEBM,1,2027,4.7484
REGION1,SEstTG002,SEBM,1,2028,4.7484
REGION1,SEstTG002,SEBM,1,2029,4.7484
REGION1,SEstTG002,SEBM,1,2030,4.7484
REGION1,SEstTG002,SEBM,1,2031,4.7484
REGION1,SEstTG002,SEBM,1,2032,4.7484
REGION1,SEstTG002,SEBM,1,2033,4.7484
REGION1,SEstTG002,SEBM,1,2034,4.7484
REGION1,SEstTG002,SEBM,1,2035,4.7484
REGION1,SEstTG002,SEBM,1,2036,4.7484
REGION1,SEstTG002,SEBM,1,2037,4.7484
REGION1,SEstTG002,SEBM,1,2038,4.7484
REGION1,SEstTG002,SEBM,1,2039,4.7484
REGION1,SEstTG002,SEBM,1,2040,4.7484
REGION1,SEstTG002,SEBM,1,2041,4.7484
REGION1,SEstTG002,SEBM,1,2042,4.7484
REGION1,SEstTG002,SEBM,1,2043,4.7484
REGION1,SEstTG002,SEBM,1,2044,4.7484
REGION1,SEstTG002,SEBM,1,2045,4.7484
REGION1,SEstTG002,SEBM,1,2046,4.7484
REGION1,SEstTG002,SEBM,1,2047,4.7484
REGION1,SEstTG002,SEBM,1,2048,4.7484
REGION1,SEstTG002,SEBM,1,2049,4.7484
REGION1,SEstTG002,SEBM,1,2050,4.7484
REGION1,SEstTG002,SEBM,1,2051,4.7484
REGION1,SEstTG002,SEBM,1,2052,4.7484
REGION1,SEstTG002,SEBM,1,2053,4.7484
REGION1,SEstTG002,SEBM,1,2054,4.7484
REGION1,SEstTG002,SEBM,1,2055,4.7484
REGION1,SEstTG002,SEBM,1,2056,4.7484
REGION1,SEstTG002,SEBM,1,2057,4.7484
REGION1,SEstTG002,SEBM,1,2058,4.7484
REGION1,SEstTG002,SEBM,1,2059,4.7484
REGION1,SEstTG002,SEBM,1,2060,4.7484
REGION1,SEstTG002,SECK,1,2015,7.4412
REGION1,SEstTG002,SECK,1,2016,7.4412
REGION1,SEstTG002,SECK,1,2017,7.4412
REGION1,SEstTG002,SECK,1,2018,7.4412
REGION1,SEstTG002,SECK,1,2019,7.4412
REGION1,SEstTG002,SECK,1,2020,7.4412
REGION1,SEstTG002,SECK,1,2021,7.4412
REGION1,SEstTG002,SECK,1,2022,7.4412
REGION1,SEstTG002,SECK,1,2023,7.4412
REGION1,SEstTG002,SECK,1,2024,7.4412
REGION1,SEstTG002,SECK,1,2025,7.4412
REGION1,SEstTG002,SECK,1,2026,7.4412
REGION1,SEstTG002,SECK,1,2027,7.4412
REGION1,SEstTG002,SECK,1,2028,7.4412
REGION1,SEstTG002,SECK,1,2029,7.4412
REGION1,SEstTG002,SECK,1,2030,7.4412
REGION1,SEstTG002,SECK,1,2031,7.4412
REGION1,SEstTG002,SECK,1,2032,7.4412
REGION1,SEstTG002,SECK,1,2033,7.4412
REGION1,SEstTG002,SECK,1,2034,7.4412
REGION1,SEstTG002,SECK,1,2035,7.4412
REGION1,SEstTG002,SECK,1,2036,7.4412
REGION1,SEstTG002,SECK,1,2037,7.4412
REGION1,SEstTG002,SECK,1,2038,7.4412
REGION1,SEstTG002,SECK,1,2039,7.4412
REGION1,SEstTG002,SECK,1,2040,7.4412
REGION1,SEstTG002,SECK,1,2041,7.4412
REGION1,SEstTG002,SECK,1,2042,7.4412
REGION1,SEstTG002,SECK,1,2043,7.4412
REGION1,SEstTG002,SECK,1,2044,7.4412
REGION1,SEstTG002,SECK,1,2045,7.4412
REGION1,SEstTG002,SECK,1,2046,7.4412
REGION1,SEstTG002,SECK,1,2047,7.4412
REGION1,SEstTG002,SECK,1,2048,7.4412
REGION1,SEstTG002,SECK,1,2049,7.4412
REGION1,SEstTG002,SECK,1,2050,7.4412
REGION1,SEstTG002,SECK,1,2051,7.4412
REGION1,SEstTG002,SECK,1,2052,7.4412
REGION1,SEstTG002,SECK,1,2053,7.4412
REGION1,SEstTG002,SECK,1,2054,7.4412
REGION1,SEstTG002,SECK,1,2055,7.4412
REGION1,SEstTG002,SECK,1,2056,7.4412
REGION1,SEstTG002,SECK,1,2057,7.4412
REGION1,SEstTG002,SECK,1,2058,7.4412
REGION1,SEstTG002,SECK,1,2059,7.4412
REGION1,SEstTG002,SECK,1,2060,7.4412
REGION1,SEstTG002,SEE2,1,2015,1.1988
REGION1,SEstTG002,SEE2,1,2016,1.1988
REGION1,SEstTG002,SEE2,1,2017,1.1988
REGION1,SEstTG002,SEE2,1,2018,1.1988
REGION1,SEstTG002,SEE2,1,2019,1.1988
REGION1,SEstTG002,SEE2,1,2020,1.1988
REGION1,SEstTG002,SEE2,1,2021,1.1988
REGION1,SEstTG002,SEE2,1,2022,1.1988
REGION1,SEstTG002,SEE2,1,2023,1.1988
REGION1,SEstTG002,SEE2,1,2024,1.1988
REGION1,SEstTG002,SEE2,1,2025,1.1988
REGION1,SEstTG002,SEE2,1,2026,1.1988
REGION1,SEstTG002,SEE2,1,2027,1.1988
REGION1,SEstTG002,SEE2,1,2028,1.1988
REGION1,SEstTG002,SEE2,1,2029,1.1988
REGION1,SEstTG002,SEE2,1,2030,1.1988
REGION1,SEstTG002,SEE2,1,2031,1.1988
REGION1,SEstTG002,SEE2,1,2032,1.1988
REGION1,SEstTG002,SEE2,1,2033,1.1988
REGION1,SEstTG002,SEE2,1,2034,1.1988
REGION1,SEstTG002,SEE2,1,2035,1.1988
REGION1,SEstTG002,SEE2,1,2036,1.1988
REGION1,SEstTG002,SEE2,1,2037,1.1988
REGION1,SEstTG002,SEE2,1,2038,1.1988
REGION1,SEstTG002,SEE2,1,2039,1.1988
REGION1,SEstTG002,SEE2,1,2040,1.1988
REGION1,SEstTG002,SEE2,1,2041,1.1988
REGION1,SEstTG002,SEE2,1,2042,1.1988
REGION1,SEstTG002,SEE2,1,2043,1.1988
REGION1,SEstTG002,SEE2,1,2044,1.1988
REGION1,SEstTG002,SEE2,1,2045,1.1988
REGION1,SEstTG002,SEE2,1,2046,1.1988
REGION1,SEstTG002,SEE2,1,2047,1.1988
REGION1,SEstTG002,SEE2,1,2048,1.1988
REGION1,SEstTG002,SEE2,1,2049,1.1988
REGION1,SEstTG002,SEE2,1,2050,1.1988
REGION1,SEstTG002,SEE2,1,2051,1.1988
REGION1,SEstTG002,SEE2,1,2052,1.1988
REGION1,SEstTG002,SEE2,1,2053,1.1988
REGION1,SEstTG002,SEE2,1,2054,1.1988
REGION1,SEstTG002,SEE2,1,2055,1.1988
REGION1,SEstTG002,SEE2,1,2056,1.1988
REGION1,SEstTG002,SEE2,1,2057,1.1988
REGION1,SEstTG002,SEE2,1,2058,1.1988
REGION1,SEstTG002,SEE2,1,2059,1.1988
REGION1,SEstTG002,SEE2,1,2060,1.1988
REGION1,SEstTG002,SECO,1,2015,0.2232
REGION1,SEstTG002,SECO,1,2016,0.2232
REGION1,SEstTG002,SECO,1,2017,0.2232
REGION1,SEstTG002,SECO,1,2018,0.2232
REGION1,SEstTG002,SECO,1,2019,0.2232
REGION1,SEstTG002,SECO,1,2020,0.2232
REGION1,SEstTG002,SECO,1,2021,0.2232
REGION1,SEstTG002,SECO,1,2022,0.2232
REGION1,SEstTG002,SECO,1,2023,0.2232
REGION1,SEstTG002,SECO,1,2024,0.2232
REGION1,SEstTG002,SECO,1,2025,0.2232
REGION1,SEstTG002,SECO,1,2026,0.2232
REGION1,SEstTG002,SECO,1,2027,0.2232
REGION1,SEstTG002,SECO,1,2028,0.2232
REGION1,SEstTG002,SECO,1,2029,0.2232
REGION1,SEstTG002,SECO,1,2030,0.2232
REGION1,SEstTG002,SECO,1,2031,0.2232
REGION1,SEstTG002,SECO,1,2032,0.2232
REGION1,SEstTG002,SECO,1,2033,0.2232
REGION1,SEstTG002,SECO,1,2034,0.2232
REGION1,SEstTG002,SECO,1,2035,0.2232
REGION1,SEstTG002,SECO,1,2036,0.2232
REGION1,SEstTG002,SECO,1,2037,0.2232
REGION1,SEstTG002,SECO,1,2038,0.2232
REGION1,SEstTG002,SECO,1,2039,0.2232
REGION1,SEstTG002,SECO,1,2040,0.2232
REGION1,SEstTG002,SECO,1,2041,0.2232
REGION1,SEstTG002,SECO,1,2042,0.2232
REGION1,SEstTG002,SECO,1,2043,0.2232
REGION1,SEstTG002,SECO,1,2044,0.2232
REGION1,SEstTG002,SECO,1,2045,0.2232
REGION1,SEstTG002,SECO,1,2046,0.2232
REGION1,SEstTG002,SECO,1,2047,0.2232
REGION1,SEstTG002,SECO,1,2048,0.2232
REGION1,SEstTG002,SECO,1,2049,0.2232
REGION1,SEstTG002,SECO,1,2050,0.2232
REGION1,SEstTG002,SECO,1,2051,0.2232
REGION1,SEstTG002,SECO,1,2052,0.2232
REGION1,SEstTG002,SECO,1,2053,0.2232
REGION1,SEstTG002,SECO,1,2054,0.2232
REGION1,SEstTG002,SECO,1,2055,0.2232
REGION1,SEstTG002,SECO,1,2056,0.2232
REGION1,SEstTG002,SECO,1,2057,0.2232
REGION1,SEstTG002,SECO,1,2058,0.2232
REGION1,SEstTG002,SECO,1,2059,0.2232
REGION1,SEstTG002,SECO,1,2060,0.2232
REGION1,SEstTG002,SENG,1,2015,3.5892
REGION1,SEstTG002,SENG,1,2016,3.5892
REGION1,SEstTG002,SENG,1,2017,3.5892
REGION1,SEstTG002,SENG,1,2018,3.5892
REGION1,SEstTG002,SENG,1,2019,3.5892
REGION1,SEstTG002,SENG,1,2020,3.5892
REGION1,SEstTG002,SENG,1,2021,3.5892
REGION1,SEstTG002,SENG,1,2022,3.5892
REGION1,SEstTG002,SENG,1,2023,3.5892
REGION1,SEstTG002,SENG,1,2024,3.5892
REGION1,SEstTG002,SENG,1,2025,3.5892
REGION1,SEstTG002,SENG,1,2026,3.5892
REGION1,SEstTG002,SENG,1,2027,3.5892
REGION1,SEstTG002,SENG,1,2028,3.5892
REGION1,SEstTG002,SENG,1,2029,3.5892
REGION1,SEstTG002,SENG,1,2030,3.5892
REGION1,SEstTG002,SENG,1,2031,3.5892
REGION1,SEstTG002,SENG,1,2032,3.5892
REGION1,SEstTG002,SENG,1,2033,3.5892
REGION1,SEstTG002,SENG,1,2034,3.5892
REGION1,SEstTG002,SENG,1,2035,3.5892
REGION1,SEstTG002,SENG,1,2036,3.5892
REGION1,SEstTG002,SENG,1,2037,3.5892
REGION1,SEstTG002,SENG,1,2038,3.5892
REGION1,SEstTG002,SENG,1,2039,3.5892
REGION1,SEstTG002,SENG,1,2040,3.5892
REGION1,SEstTG002,SENG,1,2041,3.5892
REGION1,SEstTG002,SENG,1,2042,3.5892
REGION1,SEstTG002,SENG,1,2043,3.5892
REGION1,SEstTG002,SENG,1,2044,3.5892
REGION1,SEstTG002,SENG,1,2045,3.5892
REGION1,SEstTG002,SENG,1,2046,3.5892
REGION1,SEstTG002,SENG,1,2047,3.5892
REGION1,SEstTG002,SENG,1,2048,3.5892
REGION1,SEstTG002,SENG,1,2049,3.5892
REGION1,SEstTG002,SENG,1,2050,3.5892
REGION1,SEstTG002,SENG,1,2051,3.5892
REGION1,SEstTG002,SENG,1,2052,3.5892
REGION1,SEstTG002,SENG,1,2053,3.5892
REGION1,SEstTG002,SENG,1,2054,3.5892
REGION1,SEstTG002,SENG,1,2055,3.5892
REGION1,SEstTG002,SENG,1,2056,3.5892
REGION1,SEstTG002,SENG,1,2057,3.5892
REGION1,SEstTG002,SENG,1,2058,3.5892
REGION1,SEstTG002,SENG,1,2059,3.5892
REGION1,SEstTG002,SENG,1,2060,3.5892
REGION1,SEstTG002,SEOI,1,2015,0.5724
REGION1,SEstTG002,SEOI,1,2016,0.5724
REGION1,SEstTG002,SEOI,1,2017,0.5724
REGION1,SEstTG002,SEOI,1,2018,0.5724
REGION1,SEstTG002,SEOI,1,2019,0.5724
REGION1,SEstTG002,SEOI,1,2020,0.5724
REGION1,SEstTG002,SEOI,1,2021,0.5724
REGION1,SEstTG002,SEOI,1,2022,0.5724
REGION1,SEstTG002,SEOI,1,2023,0.5724
REGION1,SEstTG002,SEOI,1,2024,0.5724
REGION1,SEstTG002,SEOI,1,2025,0.5724
REGION1,SEstTG002,SEOI,1,2026,0.5724
REGION1,SEstTG002,SEOI,1,2027,0.5724
REGION1,SEstTG002,SEOI,1,2028,0.5724
REGION1,SEstTG002,SEOI,1,2029,0.5724
REGION1,SEstTG002,SEOI,1,2030,0.5724
REGION1,SEstTG002,SEOI,1,2031,0.5724
REGION1,SEstTG002,SEOI,1,2032,0.5724
REGION1,SEstTG002,SEOI,1,2033,0.5724
REGION1,SEstTG002,SEOI,1,2034,0.5724
REGION1,SEstTG002,SEOI,1,2035,0.5724
REGION1,SEstTG002,SEOI,1,2036,0.5724
REGION1,SEstTG002,SEOI,1,2037,0.5724
REGION1,SEstTG002,SEOI,1,2038,0.5724
REGION1,SEstTG002,SEOI,1,2039,0.5724
REGION1,SEstTG002,SEOI,1,2040,0.5724
REGION1,SEstTG002,SEOI,1,2041,0.5724
REGION1,SEstTG002,SEOI,1,2042,0.5724
REGION1,SEstTG002,SEOI,1,2043,0.5724
REGION1,SEstTG002,SEOI,1,2044,0.5724
REGION1,SEstTG002,SEOI,1,2045,0.5724
REGION1,SEstTG002,SEOI,1,2046,0.5724
REGION1,SEstTG002,SEOI,1,2047,0.5724
REGION1,SEstTG002,SEOI,1,2048,0.5724
REGION1,SEstTG002,SEOI,1,2049,0.5724
REGION1,SEstTG002,SEOI,1,2050,0.5724
REGION1,SEstTG002,SEOI,1,2051,0.5724
REGION1,SEstTG002,SEOI,1,2052,0.5724
REGION1,SEstTG002,SEOI,1,2053,0.5724
REGION1,SEstTG002,SEOI,1,2054,0.5724
REGION1,SEstTG002,SEOI,1,2055,0.5724
REGION1,SEstTG002,SEOI,1,2056,0.5724
REGION1,SEstTG002,SEOI,1,2057,0.5724
REGION1,SEstTG002,SEOI,1,2058,0.5724
REGION1,SEstTG002,SEOI,1,2059,0.5724
REGION1,SEstTG002,SEOI,1,2060,0.5724
REGION1,SEstHY003,SEBM,1,2015,2.016
REGION1,SEstHY003,SEBM,1,2016,2.016
REGION1,SEstHY003,SEBM,1,2017,2.016
REGION1,SEstHY003,SEBM,1,2018,2.016
REGION1,SEstHY003,SEBM,1,2019,2.016
REGION1,SEstHY003,SEBM,1,2020,2.016
REGION1,SEstHY003,SEBM,1,2021,2.016
REGION1,SEstHY003,SEBM,1,2022,2.016
REGION1,SEstHY003,SEBM,1,2023,2.016
REGION1,SEstHY003,SEBM,1,2024,2.016
REGION1,SEstHY003,SEBM,1,2025,2.016
REGION1,SEstHY003,SEBM,1,2026,2.016
REGION1,SEstHY003,SEBM,1,2027,2.016
REGION1,SEstHY003,SEBM,1,2028,2.016
REGION1,SEstHY003,SEBM,1,2029,2.016
REGION1,SEstHY003,SEBM,1,2030,2.016
REGION1,SEstHY003,SEBM,1,2031,2.016
REGION1,SEstHY003,SEBM,1,2032,2.016
REGION1,SEstHY003,SEBM,1,2033,2.016
REGION1,SEstHY003,SEBM,1,2034,2.016
REGION1,SEstHY003,SEBM,1,2035,2.016
REGION1,SEstHY003,SEBM,1,2036,2.016
REGION1,SEstHY003,SEBM,1,2037,2.016
REGION1,SEstHY003,SEBM,1,2038,2.016
REGION1,SEstHY003,SEBM,1,2039,2.016
REGION1,SEstHY003,SEBM,1,2040,2.016
REGION1,SEstHY003,SEBM,1,2041,2.016
REGION1,SEstHY003,SEBM,1,2042,2.016
REGION1,SEstHY003,SEBM,1,2043,2.016
REGION1,SEstHY003,SEBM,1,2044,2.016
REGION1,SEstHY003,SEBM,1,2045,2.016
REGION1,SEstHY003,SEBM,1,2046,2.016
REGION1,SEstHY003,SEBM,1,2047,2.016
REGION1,SEstHY003,SEBM,1,2048,2.016
REGION1,SEstHY003,SEBM,1,2049,2.016
REGION1,SEstHY003,SEBM,1,2050,2.016
REGION1,SEstHY003,SEBM,1,2051,2.016
REGION1,SEstHY003,SEBM,1,2052,2.016
REGION1,SEstHY003,SEBM,1,2053,2.016
REGION1,SEstHY003,SEBM,1,2054,2.016
REGION1,SEstHY003,SEBM,1,2055,2.016
REGION1,SEstHY003,SEBM,1,2056,2.016
REGION1,SEstHY003,SEBM,1,2057,2.016
REGION1,SEstHY003,SEBM,1,2058,2.016
REGION1,SEstHY003,SEBM,1,2059,2.016
REGION1,SEstHY003,SEBM,1,2060,2.016
REGION1,SEstHY003,SEE2,1,2015,12.5568
REGION1,SEstHY003,SEE2,1,2016,12.5568
REGION1,SEstHY003,SEE2,1,2017,12.5568
REGION1,SEstHY003,SEE2,1,2018,12.5568
REGION1,SEstHY003,SEE2,1,2019,12.5568
REGION1,SEstHY003,SEE2,1,2020,12.5568
REGION1,SEstHY003,SEE2,1,2021,12.5568
REGION1,SEstHY003,SEE2,1,2022,12.5568
REGION1,SEstHY003,SEE2,1,2023,12.5568
REGION1,SEstHY003,SEE2,1,2024,12.5568
REGION1,SEstHY003,SEE2,1,2025,12.5568
REGION1,SEstHY003,SEE2,1,2026,12.5568
REGION1,SEstHY003,SEE2,1,2027,12.5568
REGION1,SEstHY003,SEE2,1,2028,12.5568
REGION1,SEstHY003,SEE2,1,2029,12.5568
REGION1,SEstHY003,SEE2,1,2030,12.5568
REGION1,SEstHY003,SEE2,1,2031,12.5568
REGION1,SEstHY003,SEE2,1,2032,12.5568
REGION1,SEstHY003,SEE2,1,2033,12.5568
REGION1,SEstHY003,SEE2,1,2034,12.5568
REGION1,SEstHY003,SEE2,1,2035,12.5568
REGION1,SEstHY003,SEE2,1,2036,12.5568
REGION1,SEstHY003,SEE2,1,2037,12.5568
REGION1,SEstHY003,SEE2,1,2038,12.5568
REGION1,SEstHY003,SEE2,1,2039,12.5568
REGION1,SEstHY003,SEE2,1,2040,12.5568
REGION1,SEstHY003,SEE2,1,2041,12.5568
REGION1,SEstHY003,SEE2,1,2042,12.5568
REGION1,SEstHY003,SEE2,1,2043,12.5568
REGION1,SEstHY003,SEE2,1,2044,12.5568
REGION1,SEstHY003,SEE2,1,2045,12.5568
REGION1,SEstHY003,SEE2,1,2046,12.5568
REGION1,SEstHY003,SEE2,1,2047,12.5568
REGION1,SEstHY003,SEE2,1,2048,12.5568
REGION1,SEstHY003,SEE2,1,2049,12.5568
REGION1,SEstHY003,SEE2,1,2050,12.5568
REGION1,SEstHY003,SEE2,1,2051,12.5568
REGION1,SEstHY003,SEE2,1,2052,12.5568
REGION1,SEstHY003,SEE2,1,2053,12.5568
REGION1,SEstHY003,SEE2,1,2054,12.5568
REGION1,SEstHY003,SEE2,1,2055,12.5568
REGION1,SEstHY003,SEE2,1,2056,12.5568
REGION1,SEstHY003,SEE2,1,2057,12.5568
REGION1,SEstHY003,SEE2,1,2058,12.5568
REGION1,SEstHY003,SEE2,1,2059,12.5568
REGION1,SEstHY003,SEE2,1,2060,12.5568
REGION1,SEstHY003,SECO,1,2015,0.1512
REGION1,SEstHY003,SECO,1,2016,0.1512
REGION1,SEstHY003,SECO,1,2017,0.1512
REGION1,SEstHY003,SECO,1,2018,0.1512
REGION1,SEstHY003,SECO,1,2019,0.1512
REGION1,SEstHY003,SECO,1,2020,0.1512
REGION1,SEstHY003,SECO,1,2021,0.1512
REGION1,SEstHY003,SECO,1,2022,0.1512
REGION1,SEstHY003,SECO,1,2023,0.1512
REGION1,SEstHY003,SECO,1,2024,0.1512
REGION1,SEstHY003,SECO,1,2025,0.1512
REGION1,SEstHY003,SECO,1,2026,0.1512
REGION1,SEstHY003,SECO,1,2027,0.1512
REGION1,SEstHY003,SECO,1,2028,0.1512
REGION1,SEstHY003,SECO,1,2029,0.1512
REGION1,SEstHY003,SECO,1,2030,0.1512
REGION1,SEstHY003,SECO,1,2031,0.1512
REGION1,SEstHY003,SECO,1,2032,0.1512
REGION1,SEstHY003,SECO,1,2033,0.1512
REGION1,SEstHY003,SECO,1,2034,0.1512
REGION1,SEstHY003,SECO,1,2035,0.1512
REGION1,SEstHY003,SECO,1,2036,0.1512
REGION1,SEstHY003,SECO,1,2037,0.1512
REGION1,SEstHY003,SECO,1,2038,0.1512
REGION1,SEstHY003,SECO,1,2039,0.1512
REGION1,SEstHY003,SECO,1,2040,0.1512
REGION1,SEstHY003,SECO,1,2041,0.1512
REGION1,SEstHY003,SECO,1,2042,0.1512
REGION1,SEstHY003,SECO,1,2043,0.1512
REGION1,SEstHY003,SECO,1,2044,0.1512
REGION1,SEstHY003,SECO,1,2045,0.1512
REGION1,SEstHY003,SECO,1,2046,0.1512
REGION1,SEstHY003,SECO,1,2047,0.1512
REGION1,SEstHY003,SECO,1,2048,0.1512
REGION1,SEstHY003,SECO,1,2049,0.1512
REGION1,SEstHY003,SECO,1,2050,0.1512
REGION1,SEstHY003,SECO,1,2051,0.1512
REGION1,SEstHY003,SECO,1,2052,0.1512
REGION1,SEstHY003,SECO,1,2053,0.1512
REGION1,SEstHY003,SECO,1,2054,0.1512
REGION1,SEstHY003,SECO,1,2055,0.1512
REGION1,SEstHY003,SECO,1,2056,0.1512
REGION1,SEstHY003,SECO,1,2057,0.1512
REGION1,SEstHY003,SECO,1,2058,0.1512
REGION1,SEstHY003,SECO,1,2059,0.1512
REGION1,SEstHY003,SECO,1,2060,0.1512
REGION1,SEstEA004,SEBM,1,2015,2.016
REGION1,SEstEA004,SEBM,1,2016,2.016
REGION1,SEstEA004,SEBM,1,2017,2.016
REGION1,SEstEA004,SEBM,1,2018,2.016
REGION1,SEstEA004,SEBM,1,2019,2.016
REGION1,SEstEA004,SEBM,1,2020,2.016
REGION1,SEstEA004,SEBM,1,2021,2.016
REGION1,SEstEA004,SEBM,1,2022,2.016
REGION1,SEstEA004,SEBM,1,2023,2.016
REGION1,SEstEA004,SEBM,1,2024,2.016
REGION1,SEstEA004,SEBM,1,2025,2.016
REGION1,SEstEA004,SEBM,1,2026,2.016
REGION1,SEstEA004,SEBM,1,2027,2.016
REGION1,SEstEA004,SEBM,1,2028,2.016
REGION1,SEstEA004,SEBM,1,2029,2.016
REGION1,SEstEA004,SEBM,1,2030,2.016
REGION1,SEstEA004,SEBM,1,2031,2.016
REGION1,SEstEA004,SEBM,1,2032,2.016
REGION1,SEstEA004,SEBM,1,2033,2.016
REGION1,SEstEA004,SEBM,1,2034,2.016
REGION1,SEstEA004,SEBM,1,2035,2.016
REGION1,SEstEA004,SEBM,1,2036,2.016
REGION1,SEstEA004,SEBM,1,2037,2.016
REGION1,SEstEA004,SEBM,1,2038,2.016
REGION1,SEstEA004,SEBM,1,2039,2.016
REGION1,SEstEA004,SEBM,1,2040,2.016
REGION1,SEstEA004,SEBM,1,2041,2.016
REGION1,SEstEA004,SEBM,1,2042,2.016
REGION1,SEstEA004,SEBM,1,2043,2.016
REGION1,SEstEA004,SEBM,1,2044,2.016
REGION1,SEstEA004,SEBM,1,2045,2.016
REGION1,SEstEA004,SEBM,1,2046,2.016
REGION1,SEstEA004,SEBM,1,2047,2.016
REGION1,SEstEA004,SEBM,1,2048,2.016
REGION1,SEstEA004,SEBM,1,2049,2.016
REGION1,SEstEA004,SEBM,1,2050,2.016
REGION1,SEstEA004,SEBM,1,2051,2.016
REGION1,SEstEA004,SEBM,1,2052,2.016
REGION1,SEstEA004,SEBM,1,2053,2.016
REGION1,SEstEA004,SEBM,1,2054,2.016
REGION1,SEstEA004,SEBM,1,2055,2.016
REGION1,SEstEA004,SEBM,1,2056,2.016
REGION1,SEstEA004,SEBM,1,2057,2.016
REGION1,SEstEA004,SEBM,1,2058,2.016
REGION1,SEstEA004,SEBM,1,2059,2.016
REGION1,SEstEA004,SEBM,1,2060,2.016
REGION1,SEstEA004,SEE2,1,2015,2.94
REGION1,SEstEA004,SEE2,1,2016,2.94
REGION1,SEstEA004,SEE2,1,2017,2.94
REGION1,SEstEA004,SEE2,1,2018,2.94
REGION1,SEstEA004,SEE2,1,2019,2.94
REGION1,SEstEA004,SEE2,1,2020,2.94
REGION1,SEstEA004,SEE2,1,2021,2.94
REGION1,SEstEA004,SEE2,1,2022,2.94
REGION1,SEstEA004,SEE2,1,2023,2.94
REGION1,SEstEA004,SEE2,1,2024,2.94
REGION1,SEstEA004,SEE2,1,2025,2.94
REGION1,SEstEA004,SEE2,1,2026,2.94
REGION1,SEstEA004,SEE2,1,2027,2.94
REGION1,SEstEA004,SEE2,1,2028,2.94
REGION1,SEstEA004,SEE2,1,2029,2.94
REGION1,SEstEA004,SEE2,1,2030,2.94
REGION1,SEstEA004,SEE2,1,2031,2.94
REGION1,SEstEA004,SEE2,1,2032,2.94
REGION1,SEstEA004,SEE2,1,2033,2.94
REGION1,SEstEA004,SEE2,1,2034,2.94
REGION1,SEstEA004,SEE2,1,2035,2.94
REGION1,SEstEA004,SEE2,1,2036,2.94
REGION1,SEstEA004,SEE2,1,2037,2.94
REGION1,SEstEA004,SEE2,1,2038,2.94
REGION1,SEstEA004,SEE2,1,2039,2.94
REGION1,SEstEA004,SEE2,1,2040,2.94
REGION1,SEstEA004,SEE2,1,2041,2.94
REGION1,SEstEA004,SEE2,1,2042,2.94
REGION1,SEstEA004,SEE2,1,2043,2.94
REGION1,SEstEA004,SEE2,1,2044,2.94
REGION1,SEstEA004,SEE2,1,2045,2.94
REGION1,SEstEA004,SEE2,1,2046,2.94
REGION1,SEstEA004,SEE2,1,2047,2.94
REGION1,SEstEA004,SEE2,1,2048,2.94
REGION1,SEstEA004,SEE2,1,2049,2.94
REGION1,SEstEA004,SEE2,1,2050,2.94
REGION1,SEstEA004,SEE2,1,2051,2.94
REGION1,SEstEA004,SEE2,1,2052,2.94
REGION1,SEstEA004,SEE2,1,2053,2.94
REGION1,SEstEA004,SEE2,1,2054,2.94
REGION1,SEstEA004,SEE2,1,2055,2.94
REGION1,SEstEA004,SEE2,1,2056,2.94
REGION1,SEstEA004,SEE2,1,2057,2.94
REGION1,SEstEA004,SEE2,1,2058,2.94
REGION1,SEstEA004,SEE2,1,2059,2.94
REGION1,SEstEA004,SEE2,1,2060,2.94
REGION1,SEstEA004,SECO,1,2015,0.1512
REGION1,SEstEA004,SECO,1,2016,0.1512
REGION1,SEstEA004,SECO,1,2017,0.1512
REGION1,SEstEA004,SECO,1,2018,0.1512
REGION1,SEstEA004,SECO,1,2019,0.1512
REGION1,SEstEA004,SECO,1,2020,0.1512
REGION1,SEstEA004,SECO,1,2021,0.1512
REGION1,SEstEA004,SECO,1,2022,0.1512
REGION1,SEstEA004,SECO,1,2023,0.1512
REGION1,SEstEA004,SECO,1,2024,0.1512
REGION1,SEstEA004,SECO,1,2025,0.1512
REGION1,SEstEA004,SECO,1,2026,0.1512
REGION1,SEstEA004,SECO,1,2027,0.1512
REGION1,SEstEA004,SECO,1,2028,0.1512
REGION1,SEstEA004,SECO,1,2029,0.1512
REGION1,SEstEA004,SECO,1,2030,0.1512
REGION1,SEstEA004,SECO,1,2031,0.1512
REGION1,SEstEA004,SECO,1,2032,0.1512
REGION1,SEstEA004,SECO,1,2033,0.1512
REGION1,SEstEA004,SECO,1,2034,0.1512
REGION1,SEstEA004,SECO,1,2035,0.1512
REGION1,SEstEA004,SECO,1,2036,0.1512
REGION1,SEstEA004,SECO,1,2037,0.1512
REGION1,SEstEA004,SECO,1,2038,0.1512
REGION1,SEstEA004,SECO,1,2039,0.1512
REGION1,SEstEA004,SECO,1,2040,0.1512
REGION1,SEstEA004,SECO,1,2041,0.1512
REGION1,SEstEA004,SECO,1,2042,0.1512
REGION1,SEstEA004,SECO,1,2043,0.1512
REGION1,SEstEA004,SECO,1,2044,0.1512
REGION1,SEstEA004,SECO,1,2045,0.1512
REGION1,SEstEA004,SECO,1,2046,0.1512
REGION1,SEstEA004,SECO,1,2047,0.1512
REGION1,SEstEA004,SECO,1,2048,0.1512
REGION1,SEstEA004,SECO,1,2049,0.1512
REGION1,SEstEA004,SECO,1,2050,0.1512
REGION1,SEstEA004,SECO,1,2051,0.1512
REGION1,SEstEA004,SECO,1,2052,0.1512
REGION1,SEstEA004,SECO,1,2053,0.1512
REGION1,SEstEA004,SECO,1,2054,0.1512
REGION1,SEstEA004,SECO,1,2055,0.1512
REGION1,SEstEA004,SECO,1,2056,0.1512
REGION1,SEstEA004,SECO,1,2057,0.1512
REGION1,SEstEA004,SECO,1,2058,0.1512
REGION1,SEstEA004,SECO,1,2059,0.1512
REGION1,SEstEA004,SECO,1,2060,0.1512
REGION1,SEstEA004,SENG,1,2015,6.82
REGION1,SEstEA004,SENG,1,2016,6.82
REGION1,SEstEA004,SENG,1,2017,6.82
REGION1,SEstEA004,SENG,1,2018,6.82
REGION1,SEstEA004,SENG,1,2019,6.82
REGION1,SEstEA004,SENG,1,2020,6.82
REGION1,SEstEA004,SENG,1,2021,6.82
REGION1,SEstEA004,SENG,1,2022,6.82
REGION1,SEstEA004,SENG,1,2023,6.82
REGION1,SEstEA004,SENG,1,2024,6.82
REGION1,SEstEA004,SENG,1,2025,6.82
REGION1,SEstEA004,SENG,1,2026,6.82
REGION1,SEstEA004,SENG,1,2027,6.82
REGION1,SEstEA004,SENG,1,2028,6.82
REGION1,SEstEA004,SENG,1,2029,6.82
REGION1,SEstEA004,SENG,1,2030,6.82
REGION1,SEstEA004,SENG,1,2031,6.82
REGION1,SEstEA004,SENG,1,2032,6.82
REGION1,SEstEA004,SENG,1,2033,6.82
REGION1,SEstEA004,SENG,1,2034,6.82
REGION1,SEstEA004,SENG,1,2035,6.82
REGION1,SEstEA004,SENG,1,2036,6.82
REGION1,SEstEA004,SENG,1,2037,6.82
REGION1,SEstEA004,SENG,1,2038,6.82
REGION1,SEstEA004,SENG,1,2039,6.82
REGION1,SEstEA004,SENG,1,2040,6.82
REGION1,SEstEA004,SENG,1,2041,6.82
REGION1,SEstEA004,SENG,1,2042,6.82
REGION1,SEstEA004,SENG,1,2043,6.82
REGION1,SEstEA004,SENG,1,2044,6.82
REGION1,SEstEA004,SENG,1,2045,6.82
REGION1,SEstEA004,SENG,1,2046,6.82
REGION1,SEstEA004,SENG,1,2047,6.82
REGION1,SEstEA004,SENG,1,2048,6.82
REGION1,SEstEA004,SENG,1,2049,6.82
REGION1,SEstEA004,SENG,1,2050,6.82
REGION1,SEstEA004,SENG,1,2051,6.82
REGION1,SEstEA004,SENG,1,2052,6.82
REGION1,SEstEA004,SENG,1,2053,6.82
REGION1,SEstEA004,SENG,1,2054,6.82
REGION1,SEstEA004,SENG,1,2055,6.82
REGION1,SEstEA004,SENG,1,2056,6.82
REGION1,SEstEA004,SENG,1,2057,6.82
REGION1,SEstEA004,SENG,1,2058,6.82
REGION1,SEstEA004,SENG,1,2059,6.82
REGION1,SEstEA004,SENG,1,2060,6.82